-- phpMyAdmin SQL Dump
-- version 4.9.0.1
-- https://www.phpmyadmin.net/
--
-- Host: 127.0.0.1
-- Generation Time: Nov 18, 2020 at 03:41 PM
-- Server version: 10.3.16-MariaDB
-- PHP Version: 7.3.7

SET SQL_MODE = "NO_AUTO_VALUE_ON_ZERO";
SET AUTOCOMMIT = 0;
START TRANSACTION;
SET time_zone = "+00:00";


/*!40101 SET @OLD_CHARACTER_SET_CLIENT=@@CHARACTER_SET_CLIENT */;
/*!40101 SET @OLD_CHARACTER_SET_RESULTS=@@CHARACTER_SET_RESULTS */;
/*!40101 SET @OLD_COLLATION_CONNECTION=@@COLLATION_CONNECTION */;
/*!40101 SET NAMES utf8mb4 */;

--
-- Database: `smegdb`
--

-- --------------------------------------------------------

--
-- Table structure for table `admins`
--

CREATE TABLE `admins` (
  `id` int(10) NOT NULL,
  `username` varchar(50) NOT NULL,
  `password` varchar(60) NOT NULL
) ENGINE=InnoDB DEFAULT CHARSET=utf8;

--
-- Dumping data for table `admins`
--

INSERT INTO `admins` (`id`, `username`, `password`) VALUES
(2, 'myousef', 'yousef');

-- --------------------------------------------------------

--
-- Table structure for table `aes_lines`
--

CREATE TABLE `aes_lines` (
  `id` int(20) NOT NULL,
  `name` varchar(50) NOT NULL
) ENGINE=InnoDB DEFAULT CHARSET=utf8;

--
-- Dumping data for table `aes_lines`
--

INSERT INTO `aes_lines` (`id`, `name`) VALUES
(1, 'دولتشي ستيل نوفو'),
(2, 'بورتوفينو'),
(3, 'كولونيال'),
(4, 'تصميم البيانو'),
(5, 'لينيا'),
(6, 'معاصر'),
(7, 'كلاسيكا'),
(8, 'ستايل الـ50s'),
(9, 'اختياري'),
(10, 'فيكتوريا'),
(11, 'كورتينا'),
(12, 'عالمي'),
(13, 'مستقلة');

-- --------------------------------------------------------

--
-- Table structure for table `main_cat`
--

CREATE TABLE `main_cat` (
  `id` int(10) NOT NULL,
  `name` varchar(50) NOT NULL
) ENGINE=InnoDB DEFAULT CHARSET=utf8;

--
-- Dumping data for table `main_cat`
--

INSERT INTO `main_cat` (`id`, `name`) VALUES
(1, 'منتجات رئيسية'),
(2, 'منتجات صغيرة');

-- --------------------------------------------------------

--
-- Table structure for table `products`
--

CREATE TABLE `products` (
  `product_id` int(50) NOT NULL,
  `name` varchar(50) NOT NULL,
  `line_id` int(20) NOT NULL,
  `sub_cat_id` int(20) NOT NULL,
  `color` varchar(50) NOT NULL,
  `img_url` varchar(900) NOT NULL
) ENGINE=InnoDB DEFAULT CHARSET=utf8;

--
-- Dumping data for table `products`
--

INSERT INTO `products` (`product_id`, `name`, `line_id`, `sub_cat_id`, `color`, `img_url`) VALUES
(2, 'SFP6604PNXE', 1, 1, 'أسود', 'images/products/ovens/SFP6604PNXE.jpg'),
(3, 'SFP6604NRE', 1, 1, 'أسود', 'images/products/ovens/SFP6604NRE.jpg'),
(4, 'SFP6604NXE', 1, 1, 'أسود', 'images/products/ovens/SFP6604NXE.jpg'),
(5, 'SFP6604STNR', 1, 1, 'أسود', 'images/products/ovens/SFP6604STNR.jpg'),
(6, 'SFP6604STNX', 1, 1, 'أسود', 'images/products/ovens/SFP6604STNX.jpg'),
(7, 'SFP6606WSPNR', 1, 1, 'أسود', 'images/products/ovens/SFP6606WSPNR.jpg'),
(8, 'SFPR9604NR', 1, 1, 'أسود', 'images/products/ovens/SFPR9604NR.jpg'),
(9, 'SFPR9604NX', 1, 1, 'أسود', 'images/products/ovens/SFPR9604NX.jpg'),
(10, 'SFP6604PNRE', 1, 1, 'أسود', 'images/products/ovens/SFP6604PNRE.jpg'),
(11, 'SFP6606WSPNX', 1, 1, 'أسود', 'images/products/ovens/SFP6606WSPNX.jpg'),
(12, 'SFP6606WTPNX', 1, 1, 'أسود', 'images/products/ovens/SFP6606WTPNX.jpg'),
(13, 'SFP6606WTPNR', 1, 1, 'أسود', 'images/products/ovens/SFP6606WTPNR.jpg'),
(14, 'SF4604WVCPNR', 1, 1, 'أسود', 'images/products/ovens/SF4604WVCPNR.jpg'),
(15, 'SF6603NXE', 1, 1, 'أسود', 'images/products/ovens/SF6603NXE.jpg'),
(16, 'SF6603NRE', 1, 1, 'أسود', 'images/products/ovens/SF6603NRE.jpg'),
(17, 'SF4603MCNR', 1, 1, 'أسود', 'images/products/ovens/SF4603MCNR.jpg'),
(18, 'SF4604PVCNR1', 1, 1, 'أسود', 'images/products/ovens/SF4604PVCNR1.jpg'),
(19, 'SF4604VCNX1', 1, 1, 'أسود', 'images/products/ovens/SF4604VCNX1.jpg'),
(20, 'SF4604PVCNX1', 1, 1, 'أسود', 'images/products/ovens/SF4604PVCNX1.jpg'),
(21, 'SF4604VCNR1', 1, 1, 'أسود', 'images/products/ovens/SF4604VCNR1.jpg'),
(22, 'SF4604PMCNX', 1, 1, 'أسود', 'images/products/ovens/SF4604PMCNX.jpg'),
(23, 'SF4604PMCNR', 1, 1, 'أسود', 'images/products/ovens/SF4604PMCNR.jpg'),
(24, 'SF4604MCNR', 1, 1, 'أسود', 'images/products/ovens/SF4604MCNR.jpg'),
(25, 'SF4604MCNX', 1, 1, 'أسود', 'images/products/ovens/SF4604MCNX.jpg'),
(26, 'SFP6104WTPB', 5, 1, 'أبيض', 'images/products/ovens/SFP6104WTPB.jpg'),
(27, 'SFP6104TVB', 5, 1, 'أبيض', 'images/products/ovens/SFP6104TVB.jpg'),
(28, 'SFP6104TVN', 5, 1, 'أسود', 'images/products/ovens/SFP6104TVN.jpg'),
(29, 'SFP6104STS', 5, 1, 'فضي', 'images/products/ovens/SFP6104STS.jpg'),
(30, 'SFP6104TVS', 5, 1, 'فضي', 'images/products/ovens/SFP6104TVS.jpg'),
(31, 'SFP6102TVS', 5, 1, 'فضي', 'images/products/ovens/SFP6102TVS.jpg'),
(32, 'SFP6102TVB', 5, 1, 'أبيض', 'images/products/ovens/SFP6102TVB.jpg'),
(33, 'SFP6102TVN', 5, 1, 'أسود', 'images/products/ovens/SFP6102TVN.jpg'),
(34, 'SF6104STS', 5, 1, 'فضي', 'images/products/ovens/SF6104STS.jpg'),
(35, 'SF6104TVS', 5, 1, 'فضي', 'images/products/ovens/SF6104TVS.jpg'),
(36, 'SF6102TVN', 5, 1, 'أسود', 'images/products/ovens/SF6102TVN.jpg'),
(37, 'SF6102TVS', 5, 1, 'فضي', 'images/products/ovens/SF6102TVS.jpg'),
(38, 'SF6102TVB', 5, 1, 'أبيض', 'images/products/ovens/SF6102TVB.jpg'),
(39, 'SFP6101TVS', 5, 1, 'فضي', 'images/products/ovens/SFP6101TVS.jpg'),
(40, 'SFP6101VS', 5, 1, 'فضي', 'images/products/ovens/SFP6101VS.jpg'),
(41, 'SF6102PZS', 5, 1, 'فضي', 'images/products/ovens/SF6102PZS.jpg'),
(42, 'SFP6101TVB', 5, 1, 'أبيض', 'images/products/ovens/SFP6101TVB.jpg'),
(43, 'SFP6101TVN', 5, 1, 'أسود', 'images/products/ovens/SFP6101TVN.jpg'),
(44, 'SFP6101TVB1', 5, 1, 'أبيض', 'images/products/ovens/SFP6101TVB1.jpg'),
(45, 'SFP6101TVS1', 5, 1, 'فضي', 'images/products/ovens/SFP6101TVS1.jpg'),
(46, 'SFP6101TVN1', 5, 1, 'أسود', 'images/products/ovens/SFP6101TVN1.jpg'),
(47, 'SF6101TVN1', 5, 1, 'أسود', 'images/products/ovens/SF6101TVN1.jpg'),
(48, 'SF6101TVB1', 5, 1, 'أبيض', 'images/products/ovens/SF6101TVB1.jpg'),
(49, 'SF6101TVS1', 5, 1, 'فضي', 'images/products/ovens/SF6101TVS1.jpg'),
(50, 'SF6101VB', 5, 1, 'أبيض', 'images/products/ovens/SF6101VB.jpg'),
(51, 'SF6100VS1', 5, 1, 'فضي', 'images/products/ovens/SF6100VS1.jpg'),
(52, 'SF6101VN', 5, 1, 'أسود', 'images/products/ovens/SF6101VN.jpg'),
(53, 'SF6100VB1', 5, 1, 'أبيض', 'images/products/ovens/SF6100VB1.jpg'),
(54, 'SF6101VS', 5, 1, 'فضي', 'images/products/ovens/SF6101VS.jpg'),
(55, 'SF6100VN1', 5, 1, 'أسود', 'images/products/ovens/SF6100VN1.jpg'),
(56, 'SF6101TVS', 5, 1, 'فضي', 'images/products/ovens/SF6101TVS.jpg'),
(57, 'SFP4102PZS', 5, 1, 'فضي', 'images/products/ovens/SFP4102PZS.jpg'),
(58, 'SF6395XE', 7, 1, 'الفولاذ المقاوم للصدأ', 'images/products/ovens/SF6395XE.jpg'),
(59, 'SF6300VX', 7, 1, 'الفولاذ المقاوم للصدأ', 'images/products/ovens/SF6300VX.jpg'),
(60, 'SF6381X', 7, 1, 'الفولاذ المقاوم للصدأ', 'images/products/ovens/SF6381X.jpg'),
(61, 'SF6390XPZE', 7, 1, 'الفولاذ المقاوم للصدأ', 'images/products/ovens/SF6390XPZE.jpg'),
(62, 'SF6390XE', 7, 1, 'الفولاذ المقاوم للصدأ', 'images/products/ovens/SF6390XE.jpg'),
(63, 'SF166X', 4, 1, 'الفولاذ المقاوم للصدأ', 'images/products/ovens/SF166X.jpg'),
(64, 'SF6388X', 7, 1, 'الفولاذ المقاوم للصدأ', 'images/products/ovens/SF6388X.jpg'),
(65, 'SF6388XPZ', 7, 1, 'الفولاذ المقاوم للصدأ', 'images/products/ovens/SF6388XPZ.jpg'),
(66, 'SF6400TVN', 9, 1, 'أسود', 'images/products/ovens/SF6400TVN.jpg'),
(67, 'SF6341GVX', 7, 1, 'الفولاذ المقاوم للصدأ', 'images/products/ovens/SF6341GVX.jpg'),
(68, 'SF6400TVX', 9, 1, 'الفولاذ المقاوم للصدأ', 'images/products/ovens/SF6400TVX.jpg'),
(69, 'SF6400TVS', 9, 1, 'فضي', 'images/products/ovens/SF6400TVS.jpg'),
(70, 'SF6372X', 7, 1, 'الفولاذ المقاوم للصدأ', 'images/products/ovens/SF6372X.jpg'),
(71, 'SFP6390XE', 7, 1, 'الفولاذ المقاوم للصدأ', 'images/products/ovens/SFP6390XE.jpg'),
(72, 'SFP6401TVX', 9, 1, 'الفولاذ المقاوم للصدأ', 'images/products/ovens/SFP6401TVX.jpg'),
(73, 'SFP6401TVS', 9, 1, 'فضي', 'images/products/ovens/SFP6401TVS.jpg'),
(74, 'SFP6401TVN', 9, 1, 'أسود', 'images/products/ovens/SFP6401TVN.jpg'),
(75, 'SFP6402TVN', 9, 1, 'أسود', 'images/products/ovens/SFP6402TVN.jpg'),
(76, 'SF6402TVS', 9, 1, 'فضي', 'images/products/ovens/SF6402TVS.jpg'),
(77, 'SFP6402TVX', 9, 1, 'الفولاذ المقاوم للصدأ', 'images/products/ovens/SFP6402TVX.jpg'),
(78, 'SF6402TVX', 9, 1, 'الفولاذ المقاوم للصدأ', 'images/products/ovens/SF6402TVX.jpg'),
(79, 'SF64M3DS', 9, 1, 'فضي', 'images/products/ovens/SF64M3DS.jpg'),
(80, 'SF64M3TVN', 9, 1, 'أسود', 'images/products/ovens/SF64M3TVN.jpg'),
(81, 'SF64M3DN', 9, 1, 'أسود', 'images/products/ovens/SF64M3DN.jpg'),
(82, 'SF64M3PZN', 9, 1, 'أسود', 'images/products/ovens/SF64M3PZN.jpg'),
(83, 'SF64M3PZS', 9, 1, 'فضي', 'images/products/ovens/SF64M3PZS.jpg'),
(84, 'SF64M3TVS', 9, 1, 'فضي', 'images/products/ovens/SF64M3TVS.jpg'),
(85, 'SF64M3TVX', 9, 1, 'الفولاذ المقاوم للصدأ', 'images/products/ovens/SF64M3TVX.jpg'),
(86, 'SF64M3DX', 9, 1, 'الفولاذ المقاوم للصدأ', 'images/products/ovens/SF64M3DX.jpg'),
(87, 'SF64M3VAV2', 9, 1, 'لون الشوفان', 'images/products/ovens/SF64M3VAV2.jpg'),
(88, 'SF64M3VB', 9, 1, 'أبيض', 'images/products/ovens/SF64M3VB.jpg'),
(89, 'SFR9390X', 7, 1, 'الفولاذ المقاوم للصدأ', 'images/products/ovens/SFR9390X.jpg'),
(90, 'SF64M3VX', 9, 1, 'الفولاذ المقاوم للصدأ', 'images/products/ovens/SF64M3VX.jpg'),
(91, 'SF64M3VN', 9, 1, 'أسود', 'images/products/ovens/SF64M3VN.jpg'),
(92, 'SF64M3VS', 9, 1, 'فضي', 'images/products/ovens/SF64M3VS.jpg'),
(93, 'SF9390X1', 7, 1, 'الفولاذ المقاوم للصدأ', 'images/products/ovens/SF9390X1.jpg'),
(94, 'SFP9395X1', 7, 1, 'الفولاذ المقاوم للصدأ', 'images/products/ovens/SFP9395X1.jpg'),
(95, 'SFR9300X', 7, 1, 'الفولاذ المقاوم للصدأ', 'images/products/ovens/SFR9300X.jpg'),
(96, 'SFP6925PPZE1', 10, 1, 'لون كريمي', 'images/products/ovens/SFP6925PPZE1.jpg'),
(97, 'SFP6925XPZE1', 10, 1, 'الفولاذ المقاوم للصدأ', 'images/products/ovens/SFP6925XPZE1.jpg'),
(98, 'SFP6925NPZE1', 10, 1, 'أسود', 'images/products/ovens/SFP6925NPZE1.jpg'),
(99, 'SFP6925BPZE1', 10, 1, 'أبيض', 'images/products/ovens/SFP6925BPZE1.jpg'),
(100, 'SF6922NPZE1', 10, 1, 'أسود', 'images/products/ovens/SF6922NPZE1.jpg'),
(101, 'SF6922PPZE1', 10, 1, 'لون كريمي', 'images/products/ovens/SF6922PPZE1.jpg'),
(102, 'SF6922XPZE1', 10, 1, 'الفولاذ المقاوم للصدأ', 'images/products/ovens/SF6922XPZE1.jpg'),
(103, 'SF6922BPZE1', 10, 1, 'أبيض', 'images/products/ovens/SF6922BPZE1.jpg'),
(104, 'SF6905NO1', 10, 1, 'أسود', 'images/products/ovens/SF6905NO1.jpg'),
(105, 'SF6905X1', 10, 1, 'الفولاذ المقاوم للصدأ', 'images/products/ovens/SF6905X1.jpg'),
(106, 'SFP750POPZ', 11, 1, 'لون كريمي', 'images/products/ovens/SFP750POPZ.jpg'),
(107, 'SF6905P1', 10, 1, 'لون كريمي', 'images/products/ovens/SF6905P1.jpg'),
(108, 'SF6905B1', 10, 1, 'أبيض', 'images/products/ovens/SF6905B1.jpg'),
(109, 'SFP750BSPZ', 11, 1, 'أبيض', 'images/products/ovens/SFP750BSPZ.jpg'),
(110, 'SF6905N1', 10, 1, 'أسود', 'images/products/ovens/SF6905N1.jpg'),
(111, 'SFP750AOPZ', 11, 1, 'لون فحم', 'images/products/ovens/SFP750AOPZ.jpg'),
(112, 'SF700BS', 11, 1, 'أبيض', 'images/products/ovens/SF700BS.jpg'),
(113, 'SF750AO', 11, 1, 'لون فحم', 'images/products/ovens/SF750AO.jpg'),
(114, 'SF750OT', 11, 1, 'نحاس قديم', 'images/products/ovens/SF750OT.jpg'),
(115, 'SF750RA', 11, 1, 'نحاسي', 'images/products/ovens/SF750RA.jpg'),
(116, 'SF750PO', 11, 1, 'لون كريمي', 'images/products/ovens/SF750PO.jpg'),
(117, 'SF800AO', 3, 1, 'لون فحم', 'images/products/ovens/SF800AO.jpg'),
(118, 'SF750AS', 11, 1, 'لون فحم', 'images/products/ovens/SF750AS.jpg'),
(119, 'SF750BS', 11, 1, 'أبيض', 'images/products/ovens/SF750BS.jpg'),
(120, 'SF700PO', 11, 1, 'لون كريمي', 'images/products/ovens/SF700PO.jpg'),
(121, 'SF7390X', 7, 1, 'الفولاذ المقاوم للصدأ', 'images/products/ovens/SF7390X.jpg'),
(122, 'SF855AVO', 3, 1, 'لون الشوفان', 'images/products/ovens/SF855AVO.jpg'),
(123, 'SF855X', 3, 1, 'الفولاذ المقاوم للصدأ', 'images/products/ovens/SF855X.jpg'),
(124, 'SF855RA', 3, 1, 'نحاسي', 'images/products/ovens/SF855RA.jpg'),
(125, 'SF800PO', 3, 1, 'لون كريمي', 'images/products/ovens/SF800PO.jpg'),
(126, 'SF855PO', 3, 1, 'لون كريمي', 'images/products/ovens/SF855PO.jpg'),
(127, 'SF800AVO', 3, 1, 'لون الشوفان', 'images/products/ovens/SF800AVO.jpg'),
(128, 'SF855AO', 3, 1, 'لون فحم', 'images/products/ovens/SF855AO.jpg'),
(129, 'SF4120V', 5, 1, 'فضي', 'images/products/ovens/SF4120V.jpg'),
(130, 'SF4102VS', 5, 1, 'فضي', 'images/products/ovens/SF4102VS.jpg'),
(131, 'SF4104VCS', 5, 1, 'فضي', 'images/products/ovens/SF4104VCS.jpg'),
(132, 'SF4104VCN', 5, 1, 'أسود', 'images/products/ovens/SF4104VCN.jpg'),
(133, 'SF4102VCS', 5, 1, 'فضي', 'images/products/ovens/SF4102VCS.jpg'),
(134, 'SF4102MN', 5, 1, 'أسود', 'images/products/ovens/SF4102MN.jpg'),
(135, 'SF4102VCN', 5, 1, 'أسود', 'images/products/ovens/SF4102VCN.jpg'),
(136, 'SF4102MB', 5, 1, 'أبيض', 'images/products/ovens/SF4102MB.jpg'),
(137, 'SF4102MS', 5, 1, 'فضي', 'images/products/ovens/SF4102MS.jpg'),
(138, 'SF4102MCN', 5, 1, 'أسود', 'images/products/ovens/SF4102MCN.jpg'),
(139, 'SF4102MCS', 5, 1, 'فضي', 'images/products/ovens/SF4102MCS.jpg'),
(140, 'SF4102MCB', 5, 1, 'أبيض', 'images/products/ovens/SF4102MCB.jpg'),
(141, 'SF4101MS', 5, 1, 'فضي', 'images/products/ovens/SF4101MS.jpg'),
(142, 'SF4104MCS', 5, 1, 'فضي', 'images/products/ovens/SF4104MCS.jpg'),
(143, 'SF4120VCB', 5, 1, 'أبيض', 'images/products/ovens/SF4120VCB.jpg'),
(144, 'SF4120VCS', 5, 1, 'فضي', 'images/products/ovens/SF4120VCS.jpg'),
(145, 'SF4120VCN', 5, 1, 'أسود', 'images/products/ovens/SF4120VCN.jpg'),
(146, 'SF4104MCN', 5, 1, 'أسود', 'images/products/ovens/SF4104MCN.jpg'),
(147, 'SFP4120PZ', 5, 1, 'فضي', 'images/products/ovens/SFP4120PZ.jpg'),
(148, 'SF4120VC', 5, 1, 'فضي', 'images/products/ovens/SF4120VC.jpg'),
(149, 'SF4140VC', 5, 1, 'فضي', 'images/products/ovens/SF4140VC.jpg'),
(150, 'SF4309MX', 7, 1, 'الفولاذ المقاوم للصدأ', 'images/products/ovens/SF4309MX.jpg'),
(151, 'SF4140VCB', 5, 1, 'أبيض', 'images/products/ovens/SF4140VCB.jpg'),
(152, 'SFP4390XPZ', 7, 1, 'الفولاذ المقاوم للصدأ', 'images/products/ovens/SFP4390XPZ.jpg'),
(153, 'SF4390MCX', 7, 1, 'الفولاذ المقاوم للصدأ', 'images/products/ovens/SF4390MCX.jpg'),
(154, 'SF4390VX', 7, 1, 'الفولاذ المقاوم للصدأ', 'images/products/ovens/SF4390VX.jpg'),
(155, 'SF4390MX', 7, 1, 'الفولاذ المقاوم للصدأ', 'images/products/ovens/SF4390MX.jpg'),
(156, 'SF4390VX1', 7, 1, 'الفولاذ المقاوم للصدأ', 'images/products/ovens/SF4390VX1.jpg'),
(157, 'SF4400MX', 9, 1, 'الفولاذ المقاوم للصدأ', 'images/products/ovens/SF4400MX.jpg'),
(158, 'SF4390VCX1', 7, 1, 'الفولاذ المقاوم للصدأ', 'images/products/ovens/SF4390VCX1.jpg'),
(159, 'SF4920MCP1', 10, 1, 'لون كريمي', 'images/products/ovens/SF4920MCP1.jpg'),
(160, 'SF4920MCX1', 10, 1, 'الفولاذ المقاوم للصدأ', 'images/products/ovens/SF4920MCX1.jpg'),
(161, 'SF4920MCP', 10, 1, 'لون كريمي', 'images/products/ovens/SF4920MCP.jpg'),
(162, 'SF4920MCN1', 10, 1, 'أسود', 'images/products/ovens/SF4920MCN1.jpg'),
(163, 'SF4400MCX', 9, 1, 'الفولاذ المقاوم للصدأ', 'images/products/ovens/SF4400MCX.jpg'),
(164, 'SF4920MCB1', 10, 1, 'أبيض', 'images/products/ovens/SF4920MCB1.jpg'),
(165, 'SF4920VCB', 10, 1, 'أبيض', 'images/products/ovens/SF4920VCB.jpg'),
(166, 'SF4920VCP', 10, 1, 'لون كريمي', 'images/products/ovens/SF4920VCP.jpg'),
(167, 'SF4920VCN', 10, 1, 'أسود', 'images/products/ovens/SF4920VCN.jpg'),
(168, 'SF4920VCN1', 10, 1, 'أسود', 'images/products/ovens/SF4920VCN1.jpg'),
(169, 'SF4920VCX1', 10, 1, 'الفولاذ المقاوم للصدأ', 'images/products/ovens/SF4920VCX1.jpg'),
(170, 'SF4920VCX', 10, 1, 'الفولاذ المقاوم للصدأ', 'images/products/ovens/SF4920VCX.jpg'),
(171, 'SF4920VCB1', 10, 1, 'أبيض', 'images/products/ovens/SF4920VCB1.jpg'),
(172, 'SF4920VCP1', 10, 1, 'لون كريمي', 'images/products/ovens/SF4920VCP1.jpg'),
(173, 'SF4750MPO', 11, 1, 'لون كريمي', 'images/products/ovens/SF4750MPO.jpg'),
(174, 'SF4750MAO', 11, 1, 'لون فحم', 'images/products/ovens/SF4750MAO.jpg'),
(175, 'SF4750MBS', 11, 1, 'أبيض', 'images/products/ovens/SF4750MBS.jpg'),
(176, 'SF4800MAO', 3, 1, 'لون فحم', 'images/products/ovens/SF4800MAO.jpg'),
(177, 'SF4800MPO', 3, 1, 'لون كريمي', 'images/products/ovens/SF4800MPO.jpg'),
(366, 'TSF01CHMEU', 8, 8, 'ذهبي', 'images/products/toasters/TSF01CHMEU.jpg'),
(367, 'TSF01BLMEU', 8, 8, 'أسود', 'images/products/toasters/TSF01BLMEU.jpg'),
(368, 'TSF01WHMEU', 8, 8, 'أبيض', 'images/products/toasters/TSF01WHMEU.jpg'),
(369, 'TSF01CREU', 8, 8, 'لون كريمي', 'images/products/toasters/TSF01CREU.jpg'),
(370, 'TSF01BLEU', 8, 8, 'أسود', 'images/products/toasters/TSF01BLEU.jpg'),
(371, 'TSF01PBEU', 8, 8, 'أزرق فاتح', 'images/products/toasters/TSF01PBEU.jpg'),
(372, 'TSF01PKEU', 8, 8, 'وردي', 'images/products/toasters/TSF01PKEU.jpg'),
(373, 'TSF01PGEU', 8, 8, 'أخضر فاتح', 'images/products/toasters/TSF01PGEU.jpg'),
(374, 'TSF01RDEU', 8, 8, 'أحمر', 'images/products/toasters/TSF01RDEU.jpg'),
(375, 'TSF01SSEU', 8, 8, 'كروم', 'images/products/toasters/TSF01SSEU.jpg'),
(376, 'TSF01WHEU', 8, 8, 'أبيض', 'images/products/toasters/TSF01WHEU.jpg'),
(377, 'TSF01GOEU', 8, 8, 'ذهبي', 'images/products/toasters/TSF01GOEU.jpg'),
(378, 'TSF01RGEU', 8, 8, 'ذهب وردي', 'images/products/toasters/TSF01RGEU.jpg'),
(379, 'TSF02BLEU', 8, 8, 'أسود', 'images/products/toasters/TSF02BLEU.jpg'),
(380, 'TSF02PGEU', 8, 8, 'أخضر فاتح', 'images/products/toasters/TSF02PGEU.jpg'),
(381, 'TSF02CREU', 8, 8, 'لون كريمي', 'images/products/toasters/TSF02CREU.jpg'),
(382, 'TSF02PBEU', 8, 8, 'أزرق فاتح', 'images/products/toasters/TSF02PBEU.jpg'),
(383, 'TSF02SSEU', 8, 8, 'كروم', 'images/products/toasters/TSF02SSEU.jpg'),
(384, 'TSF02PKEU', 8, 8, 'وردي', 'images/products/toasters/TSF02PKEU.jpg'),
(385, 'TSF02RDEU', 8, 8, 'أحمر', 'images/products/toasters/TSF02RDEU.jpg'),
(386, 'TSF02WHEU', 8, 8, 'أبيض', 'images/products/toasters/TSF02WHEU.jpg'),
(387, 'TSF03BLEU', 8, 8, 'أسود', 'images/products/toasters/TSF03BLEU.jpg'),
(388, 'TSF03CREU', 8, 8, 'لون كريمي', 'images/products/toasters/TSF03CREU.jpg'),
(389, 'TSF03PBEU', 8, 8, 'أزرق فاتح', 'images/products/toasters/TSF03PBEU.jpg'),
(390, 'TSF03PGEU', 8, 8, 'أخضر فاتح', 'images/products/toasters/TSF03PGEU.jpg'),
(391, 'TSF03PKEU', 8, 8, 'وردي', 'images/products/toasters/TSF03PKEU.jpg'),
(392, 'TSF03RDEU', 8, 8, 'أحمر', 'images/products/toasters/TSF03RDEU.jpg'),
(393, 'TSF03WHEU', 8, 8, 'أبيض', 'images/products/toasters/TSF03WHEU.jpg'),
(394, 'TSF03SSEU', 8, 8, 'كروم', 'images/products/toasters/TSF03SSEU.jpg'),
(736, 'FI360LX', 7, 18, 'الفولاذ المقاوم للصدأ', 'images/products/freezers/FI360LX.jpg'),
(737, 'CVB20LNE1', 8, 18, 'أسود', 'images/products/freezers/CVB20LNE1.jpg'),
(738, 'CVB20RP1', 8, 18, 'لون كريمي', 'images/products/freezers/CVB20RP1.jpg'),
(739, 'CVB20LP1', 8, 18, 'لون كريمي', 'images/products/freezers/CVB20LP1.jpg'),
(740, 'CVB20LR1', 8, 18, 'أحمر', 'images/products/freezers/CVB20LR1.jpg'),
(741, 'CVB20RNE1', 8, 18, 'أسود', 'images/products/freezers/CVB20RNE1.jpg'),
(742, 'CVB20RR1', 8, 18, 'أحمر', 'images/products/freezers/CVB20RR1.jpg'),
(755, 'CMS4604NR', 1, 5, 'أسود', 'images/products/coffeemachines/CMS4604NR.jpg'),
(756, 'CMS4303X', 7, 5, 'الفولاذ المقاوم للصدأ', 'images/products/coffeemachines/CMS4303X.jpg'),
(757, 'CMS4101N', 5, 5, 'أسود', 'images/products/coffeemachines/CMS4101N.jpg'),
(758, 'CMS4104S', 5, 5, 'فضي', 'images/products/coffeemachines/CMS4104S.jpg'),
(759, 'CMS4604NX', 1, 5, 'أسود', 'images/products/coffeemachines/CMS4604NX.jpg'),
(760, 'CMS4101S', 5, 5, 'فضي', 'images/products/coffeemachines/CMS4101S.jpg'),
(761, 'CMS4104N', 5, 5, 'أسود', 'images/products/coffeemachines/CMS4104N.jpg'),
(762, 'CMSC45NE', 5, 5, 'أسود', 'images/products/coffeemachines/CMSC45NE.jpg'),
(763, 'CMSC451B', 5, 5, 'أبيض', 'images/products/coffeemachines/CMSC451B.jpg'),
(764, 'CMS6451X', 7, 5, 'الفولاذ المقاوم للصدأ', 'images/products/coffeemachines/CMS6451X.jpg'),
(844, 'CPS615NR', 1, 20, 'أسود', 'images/products/builtindrawers/CPS615NR.jpg'),
(845, 'CPS615NX', 1, 20, 'أسود', 'images/products/builtindrawers/CPS615NX.jpg'),
(846, 'CPR615NR', 1, 20, 'أسود', 'images/products/builtindrawers/CPR615NR.jpg'),
(847, 'CPR615NX', 1, 20, 'أسود', 'images/products/builtindrawers/CPR615NX.jpg'),
(848, 'CPR915N', 10, 20, 'أسود', 'images/products/builtindrawers/CPR915N.jpg'),
(849, 'CPR915P', 10, 20, 'لون كريمي', 'images/products/builtindrawers/CPR915P.jpg'),
(850, 'CPR915X', 10, 20, 'الفولاذ المقاوم للصدأ', 'images/products/builtindrawers/CPR915X.jpg'),
(851, 'CTP9015P', 10, 20, 'لون كريمي', 'images/products/builtindrawers/CTP9015P.jpg'),
(852, 'CPR315X', 7, 20, 'الفولاذ المقاوم للصدأ', 'images/products/builtindrawers/CPR315X.jpg'),
(853, 'CTP9015X', 10, 20, 'الفولاذ المقاوم للصدأ', 'images/products/builtindrawers/CTP9015X.jpg'),
(854, 'CPR115S', 5, 20, 'فضي', 'images/products/builtindrawers/CPR115S.jpg'),
(855, 'CPR915B', 10, 20, 'أبيض', 'images/products/builtindrawers/CPR915B.jpg'),
(856, 'CPS115N', 5, 20, 'أسود', 'images/products/builtindrawers/CPS115N.jpg'),
(857, 'CTP1015', 5, 20, 'فضي', 'images/products/builtindrawers/CTP1015.jpg'),
(858, 'CTP1015N', 5, 20, 'أسود', 'images/products/builtindrawers/CTP1015N.jpg'),
(859, 'CTP1015S', 5, 20, 'فضي', 'images/products/builtindrawers/CTP1015S.jpg'),
(860, 'CTP113', 5, 20, 'فضي', 'images/products/builtindrawers/CTP113.jpg'),
(861, 'CT15B-2', 5, 20, 'أبيض', 'images/products/builtindrawers/CT15B-2.jpg'),
(862, 'CT15-2', 5, 20, 'فضي', 'images/products/builtindrawers/CT15-2.jpg'),
(863, 'CT15NE-2', 5, 20, 'أسود', 'images/products/builtindrawers/CT15NE-2.jpg'),
(864, 'CT15X', 7, 20, 'الفولاذ المقاوم للصدأ', 'images/products/builtindrawers/CT15X.jpg'),
(865, 'CPS315X', 7, 20, 'الفولاذ المقاوم للصدأ', 'images/products/builtindrawers/CPS315X.jpg'),
(866, 'CTPS313X', 7, 20, 'الفولاذ المقاوم للصدأ', 'images/products/builtindrawers/CTPS313X.jpg'),
(867, 'CPR715A', 11, 20, 'لون فحم', 'images/products/builtindrawers/CPR715A.jpg'),
(868, 'CTP7015P', 11, 20, 'لون كريمي', 'images/products/builtindrawers/CTP7015P.jpg'),
(869, 'CTP8015P', 3, 20, 'لون كريمي', 'images/products/builtindrawers/CTP8015P.jpg'),
(870, 'CTP8015A', 3, 20, 'لون فحم', 'images/products/builtindrawers/CTP8015A.jpg'),
(871, 'CPS115S', 5, 20, 'فضي', 'images/products/builtindrawers/CPS115S.jpg'),
(872, 'CPR115N', 5, 20, 'أسود', 'images/products/builtindrawers/CPR115N.jpg'),
(873, 'CPR115B', 5, 20, 'أبيض', 'images/products/builtindrawers/CPR115B.jpg'),
(874, 'LPD116D', 4, 21, 'الفولاذ المقاوم للصدأ', 'images/products/sinks/LPD116D.jpg'),
(875, 'LPD861D', 4, 21, 'الفولاذ المقاوم للصدأ', 'images/products/sinks/LPD861D.jpg'),
(876, 'LPD116S', 4, 21, 'الفولاذ المقاوم للصدأ', 'images/products/sinks/LPD116S.jpg'),
(877, 'LPD861S', 4, 21, 'الفولاذ المقاوم للصدأ', 'images/products/sinks/LPD861S.jpg'),
(878, 'LRX9015D', 5, 21, 'الفولاذ المقاوم للصدأ', 'images/products/sinks/LRX9015D.jpg'),
(879, 'LRX9015S', 5, 21, 'الفولاذ المقاوم للصدأ', 'images/products/sinks/LRX9015S.jpg'),
(880, 'LRX901S', 5, 21, 'الفولاذ المقاوم للصدأ', 'images/products/sinks/LRX901S.jpg'),
(881, 'LRX901D', 5, 21, 'الفولاذ المقاوم للصدأ', 'images/products/sinks/LRX901D.jpg'),
(882, 'VR78', 5, 21, 'الفولاذ المقاوم للصدأ', 'images/products/sinks/VR78.jpg'),
(883, 'LRX902', 5, 21, 'الفولاذ المقاوم للصدأ', 'images/products/sinks/LRX902.jpg'),
(884, 'LPD862', 4, 21, 'الفولاذ المقاوم للصدأ', 'images/products/sinks/LPD862.jpg'),
(885, 'LQVS862-1', 12, 21, 'الفولاذ المقاوم للصدأ', 'images/products/sinks/LQVS862-1.jpg'),
(886, 'VR78N', 12, 21, 'الفولاذ المقاوم للصدأ', 'images/products/sinks/VR78N.jpg'),
(887, 'VR78', 5, 21, 'الفولاذ المقاوم للصدأ', 'images/products/sinks/VR78.jpg'),
(888, 'VR78S', 12, 21, 'الفولاذ المقاوم للصدأ', 'images/products/sinks/VR78S.jpg'),
(889, 'LQVN862-1', 12, 21, 'الفولاذ المقاوم للصدأ', 'images/products/sinks/LQVN862-1.jpg'),
(890, 'LQVB862-1', 12, 21, 'الفولاذ المقاوم للصدأ', 'images/products/sinks/LQVB862-1.jpg'),
(891, 'VSTQ4530', 12, 21, 'الفولاذ المقاوم للصدأ', 'images/products/sinks/VSTQ4530.jpg'),
(892, 'VSTQ72-2', 12, 21, 'الفولاذ المقاوم للصدأ', 'images/products/sinks/VSTQ72-2.jpg'),
(893, 'VSTQ3838', 12, 21, 'الفولاذ المقاوم للصدأ', 'images/products/sinks/VSTQ3838.jpg'),
(894, 'LRX902', 5, 21, 'الفولاذ المقاوم للصدأ', 'images/products/sinks/LRX902.jpg'),
(895, 'VSTQ40-2', 12, 21, 'الفولاذ المقاوم للصدأ', 'images/products/sinks/VSTQ40-2.jpg'),
(896, 'VSTQ50-2', 12, 21, 'الفولاذ المقاوم للصدأ', 'images/products/sinks/VSTQ50-2.jpg'),
(897, 'LD862-2', 12, 21, 'الفولاذ المقاوم للصدأ', 'images/products/sinks/LD862-2.jpg'),
(898, 'VQR71RS', 12, 21, 'الفولاذ المقاوم للصدأ', 'images/products/sinks/VQR71RS.jpg'),
(899, 'VQR50RS', 12, 21, 'الفولاذ المقاوم للصدأ', 'images/products/sinks/VQR50RS.jpg'),
(900, 'VQR71', 12, 21, 'الفولاذ المقاوم للصدأ', 'images/products/sinks/VQR71.jpg'),
(901, 'VQR40', 12, 21, 'الفولاذ المقاوم للصدأ', 'images/products/sinks/VQR40.jpg'),
(902, 'VQR40RS', 12, 21, 'الفولاذ المقاوم للصدأ', 'images/products/sinks/VQR40RS.jpg'),
(903, 'VQR50', 12, 21, 'الفولاذ المقاوم للصدأ', 'images/products/sinks/VQR50.jpg'),
(904, 'VSTR16', 12, 21, 'الفولاذ المقاوم للصدأ', 'images/products/sinks/VSTR16.jpg'),
(905, 'VSTR4018-2', 12, 21, 'الفولاذ المقاوم للصدأ', 'images/products/sinks/VSTR4018-2.jpg'),
(906, 'VSTR3416', 12, 21, 'الفولاذ المقاوم للصدأ', 'images/products/sinks/VSTR3416.jpg'),
(907, 'VSTR3434-2', 12, 21, 'الفولاذ المقاوم للصدأ', 'images/products/sinks/VSTR3434-2.jpg'),
(908, 'VSTR71CUX', 12, 21, 'نحاسي', 'images/products/sinks/VSTR71CUX.jpg'),
(909, 'VSTR71-2', 12, 21, 'الفولاذ المقاوم للصدأ', 'images/products/sinks/VSTR71-2.jpg'),
(910, 'VSTR50-2', 12, 21, 'الفولاذ المقاوم للصدأ', 'images/products/sinks/VSTR50-2.jpg'),
(911, 'VSTR71DKX', 12, 21, 'أسود', 'images/products/sinks/VSTR71DKX.jpg'),
(912, 'VSTR50DKX', 12, 21, 'أسود', 'images/products/sinks/VSTR50DKX.jpg'),
(913, 'VSTR50CUX', 12, 21, 'نحاسي', 'images/products/sinks/VSTR50CUX.jpg'),
(914, 'VSTR34-2', 12, 21, 'الفولاذ المقاوم للصدأ', 'images/products/sinks/VSTR34-2.jpg'),
(915, 'VSTR34DKX', 12, 21, 'أسود', 'images/products/sinks/VSTR34DKX.jpg'),
(916, 'VSTR34CUX', 12, 21, 'نحاسي', 'images/products/sinks/VSTR34CUX.jpg'),
(917, 'VSTR18-2', 12, 21, 'الفولاذ المقاوم للصدأ', 'images/products/sinks/VSTR18-2.jpg'),
(918, 'VSTR40-2', 12, 21, 'الفولاذ المقاوم للصدأ', 'images/products/sinks/VSTR40-2.jpg'),
(919, 'VSTR40DKX', 12, 21, 'أسود', 'images/products/sinks/VSTR40DKX.jpg'),
(920, 'VSTR40CUX', 12, 21, 'نحاسي', 'images/products/sinks/VSTR40CUX.jpg'),
(921, 'LTS903-2', 12, 21, 'الفولاذ المقاوم للصدأ', 'images/products/sinks/LTS903-2.jpg'),
(922, 'LPE862', 12, 21, 'الفولاذ المقاوم للصدأ', 'images/products/sinks/LPE862.jpg'),
(923, 'LL862-2', 12, 21, 'الفولاذ المقاوم للصدأ', 'images/products/sinks/LL862-2.jpg'),
(924, 'LM862-2', 12, 21, 'الفولاذ المقاوم للصدأ', 'images/products/sinks/LM862-2.jpg'),
(925, 'LL862', 12, 21, 'الفولاذ المقاوم للصدأ', 'images/products/sinks/LL862.jpg'),
(926, 'LM862', 12, 21, 'الفولاذ المقاوم للصدأ', 'images/products/sinks/LM862.jpg'),
(927, 'SP792-2', 12, 21, 'الفولاذ المقاوم للصدأ', 'images/products/sinks/SP792-2.jpg'),
(928, 'SP2A', 12, 21, 'الفولاذ المقاوم للصدأ', 'images/products/sinks/SP2A.jpg'),
(929, 'SP862', 12, 21, 'الفولاذ المقاوم للصدأ', 'images/products/sinks/SP862.jpg'),
(930, 'SG862', 12, 21, 'الفولاذ المقاوم للصدأ', 'images/products/sinks/SG862.jpg'),
(931, 'LPD862', 4, 21, 'الفولاذ المقاوم للصدأ', 'images/products/sinks/LPD862.jpg'),
(932, 'APM862', 12, 21, 'الفولاذ المقاوم للصدأ', 'images/products/sinks/APM862.jpg'),
(933, 'LG862-2', 12, 21, 'الفولاذ المقاوم للصدأ', 'images/products/sinks/LG862-2.jpg'),
(934, 'LGM862-2', 12, 21, 'الفولاذ المقاوم للصدأ', 'images/products/sinks/LGM862-2.jpg'),
(935, 'LGM862', 12, 21, 'الفولاذ المقاوم للصدأ', 'images/products/sinks/LGM862.jpg'),
(936, 'LLR862-2', 12, 21, 'الفولاذ المقاوم للصدأ', 'images/products/sinks/LLR862-2.jpg'),
(937, 'VS34-P3', 12, 21, 'الفولاذ المقاوم للصدأ', 'images/products/sinks/VS34-P3.jpg'),
(938, 'VS34P3RA', 12, 21, 'نحاسي', 'images/products/sinks/VS34P3RA.jpg'),
(939, 'VS50P3', 12, 21, 'الفولاذ المقاوم للصدأ', 'images/products/sinks/VS50P3.jpg'),
(940, 'VS45-P3', 12, 21, 'الفولاذ المقاوم للصدأ', 'images/products/sinks/VS45-P3.jpg'),
(941, 'VS45P3RA', 12, 21, 'نحاسي', 'images/products/sinks/VS45P3RA.jpg'),
(942, '10I3PFR', 12, 21, 'الفولاذ المقاوم للصدأ', 'images/products/sinks/10I3PFR.jpg'),
(943, '11I', 12, 21, 'الفولاذ المقاوم للصدأ', 'images/products/sinks/11I.jpg'),
(944, '10I3P', 12, 21, 'الفولاذ المقاوم للصدأ', 'images/products/sinks/10I3P.jpg'),
(945, 'UM103P', 12, 21, 'الفولاذ المقاوم للصدأ', 'images/products/sinks/UM103P.jpg'),
(946, 'UM103PRA', 12, 21, 'نحاسي', 'images/products/sinks/UM103PRA.jpg'),
(947, 'UM45RA', 12, 21, 'نحاسي', 'images/products/sinks/UM45RA.jpg'),
(948, 'UM40RA', 12, 21, 'نحاسي', 'images/products/sinks/UM40RA.jpg'),
(949, 'UM16', 12, 21, 'الفولاذ المقاوم للصدأ', 'images/products/sinks/UM16.jpg'),
(950, 'UM30RA', 12, 21, 'نحاسي', 'images/products/sinks/UM30RA.jpg'),
(951, 'UM3415', 12, 21, 'الفولاذ المقاوم للصدأ', 'images/products/sinks/UM3415.jpg'),
(952, 'UM4530', 12, 21, 'الفولاذ المقاوم للصدأ', 'images/products/sinks/UM4530.jpg'),
(953, 'UM30', 12, 21, 'الفولاذ المقاوم للصدأ', 'images/products/sinks/UM30.jpg'),
(954, 'UM4040', 12, 21, 'الفولاذ المقاوم للصدأ', 'images/products/sinks/UM4040.jpg'),
(955, 'UM34RA', 12, 21, 'نحاسي', 'images/products/sinks/UM34RA.jpg'),
(956, 'UM34', 12, 21, 'الفولاذ المقاوم للصدأ', 'images/products/sinks/UM34.jpg'),
(957, 'UM40', 12, 21, 'الفولاذ المقاوم للصدأ', 'images/products/sinks/UM40.jpg'),
(958, 'UM45', 12, 21, 'الفولاذ المقاوم للصدأ', 'images/products/sinks/UM45.jpg'),
(959, 'UM15', 12, 21, 'الفولاذ المقاوم للصدأ', 'images/products/sinks/UM15.jpg'),
(960, 'UM50', 12, 21, 'الفولاذ المقاوم للصدأ', 'images/products/sinks/UM50.jpg'),
(961, 'LE862', 12, 21, 'الفولاذ المقاوم للصدأ', 'images/products/sinks/LE862.jpg'),
(962, 'LEH862', 12, 21, 'الفولاذ المقاوم للصدأ', 'images/products/sinks/LEH862.jpg'),
(963, 'LYP792', 12, 21, 'الفولاذ المقاوم للصدأ', 'images/products/sinks/LYP792.jpg'),
(964, 'LYP862', 12, 21, 'الفولاذ المقاوم للصدأ', 'images/products/sinks/LYP862.jpg'),
(965, 'LXP862', 12, 21, 'الفولاذ المقاوم للصدأ', 'images/products/sinks/LXP862.jpg'),
(966, 'LX862-2', 12, 21, 'الفولاذ المقاوم للصدأ', 'images/products/sinks/LX862-2.jpg'),
(967, 'VSGX860N', 12, 21, 'أسود', 'images/products/sinks/VSGX860N.jpg'),
(968, 'AG862', 12, 21, 'الفولاذ المقاوم للصدأ', 'images/products/sinks/AG862.jpg'),
(969, 'VSGX860B', 12, 21, 'أبيض', 'images/products/sinks/VSGX860B.jpg'),
(970, 'LZ862P', 12, 21, 'لون كريمي', 'images/products/sinks/LZ862P.jpg'),
(971, 'LZ862A2', 12, 21, 'لون فحم', 'images/products/sinks/LZ862A2.jpg'),
(972, 'LZ862B', 12, 21, 'أبيض', 'images/products/sinks/LZ862B.jpg'),
(973, 'LZ792B', 12, 21, 'أبيض', 'images/products/sinks/LZ792B.jpg'),
(974, 'LZ792P', 12, 21, 'لون كريمي', 'images/products/sinks/LZ792P.jpg'),
(975, 'LZ792AV2', 12, 21, 'لون الشوفان', 'images/products/sinks/LZ792AV2.jpg'),
(976, 'LZ792A2', 12, 21, 'لون فحم', 'images/products/sinks/LZ792A2.jpg'),
(977, 'LSE48AV', 12, 21, 'لون الشوفان', 'images/products/sinks/LSE48AV.jpg'),
(978, 'LSE48A', 12, 21, 'لون فحم', 'images/products/sinks/LSE48A.jpg'),
(979, 'LSE48P', 12, 21, 'لون كريمي', 'images/products/sinks/LSE48P.jpg'),
(980, 'LSE48A2', 12, 21, 'أسود', 'images/products/sinks/LSE48A2.jpg'),
(981, 'LSEG860A2', 12, 21, 'لون فحم', 'images/products/sinks/LSEG860A2.jpg'),
(982, 'LSEG860P', 12, 21, 'لون كريمي', 'images/products/sinks/LSEG860P.jpg'),
(983, 'VZ79B', 12, 21, 'أبيض', 'images/products/sinks/VZ79B.jpg'),
(984, 'LSEG860AV2', 12, 21, 'لون الشوفان', 'images/products/sinks/LSEG860AV2.jpg'),
(985, 'VZ79P', 12, 21, 'لون كريمي', 'images/products/sinks/VZ79P.jpg'),
(986, 'VZ79AV', 12, 21, 'لون الشوفان', 'images/products/sinks/VZ79AV.jpg'),
(987, 'VZ79N', 12, 21, 'أسود', 'images/products/sinks/VZ79N.jpg'),
(988, 'VZ79AV2', 12, 21, 'لون الشوفان', 'images/products/sinks/VZ79AV2.jpg'),
(989, 'VZ57N', 12, 21, 'أسود', 'images/products/sinks/VZ57N.jpg'),
(990, 'VZ57AV2', 12, 21, 'لون الشوفان', 'images/products/sinks/VZ57AV2.jpg'),
(991, 'VZ57P', 12, 21, 'لون كريمي', 'images/products/sinks/VZ57P.jpg'),
(992, 'VZ57B', 12, 21, 'أبيض', 'images/products/sinks/VZ57B.jpg'),
(993, 'VZ40N', 12, 21, 'أسود', 'images/products/sinks/VZ40N.jpg'),
(994, 'VZ57AV', 12, 21, 'لون الشوفان', 'images/products/sinks/VZ57AV.jpg'),
(995, 'VZ40P', 12, 21, 'لون كريمي', 'images/products/sinks/VZ40P.jpg'),
(996, 'VZ40AV2', 12, 21, 'لون الشوفان', 'images/products/sinks/VZ40AV2.jpg'),
(997, 'VZ40AV', 12, 21, 'لون الشوفان', 'images/products/sinks/VZ40AV.jpg'),
(998, 'VZ40B', 12, 21, 'أبيض', 'images/products/sinks/VZ40B.jpg'),
(999, 'VZ3434AV', 12, 21, 'لون الشوفان', 'images/products/sinks/VZ3434AV.jpg'),
(1000, 'VZ3434N', 12, 21, 'أسود', 'images/products/sinks/VZ3434N.jpg'),
(1001, 'VZ3434P', 12, 21, 'لون كريمي', 'images/products/sinks/VZ3434P.jpg'),
(1002, 'VZ3434B', 12, 21, 'أبيض', 'images/products/sinks/VZ3434B.jpg'),
(1003, 'VZ3434AV2', 12, 21, 'لون الشوفان', 'images/products/sinks/VZ3434AV2.jpg'),
(1004, 'VZUM79P', 12, 21, 'لون كريمي', 'images/products/sinks/VZUM79P.jpg'),
(1005, 'VZUM79AV2', 12, 21, 'لون الشوفان', 'images/products/sinks/VZUM79AV2.jpg'),
(1006, 'VZUM57N', 12, 21, 'أسود', 'images/products/sinks/VZUM57N.jpg'),
(1007, 'VZUM79N', 12, 21, 'أسود', 'images/products/sinks/VZUM79N.jpg'),
(1008, 'VZUM79B', 12, 21, 'أبيض', 'images/products/sinks/VZUM79B.jpg'),
(1009, 'VZUM79AV', 12, 21, 'لون الشوفان', 'images/products/sinks/VZUM79AV.jpg'),
(1010, 'VZUM57P', 12, 21, 'لون كريمي', 'images/products/sinks/VZUM57P.jpg'),
(1011, 'VZUM57AV', 12, 21, 'لون الشوفان', 'images/products/sinks/VZUM57AV.jpg'),
(1012, 'VZUM40N', 12, 21, 'أسود', 'images/products/sinks/VZUM40N.jpg'),
(1013, 'VZUM40P', 12, 21, 'لون كريمي', 'images/products/sinks/VZUM40P.jpg'),
(1014, 'VZUM40AV2', 12, 21, 'لون الشوفان', 'images/products/sinks/VZUM40AV2.jpg'),
(1015, 'VZUM40B', 12, 21, 'أبيض', 'images/products/sinks/VZUM40B.jpg'),
(1016, 'VZUM57B', 12, 21, 'أبيض', 'images/products/sinks/VZUM57B.jpg'),
(1017, 'VZUM57AV2', 12, 21, 'لون الشوفان', 'images/products/sinks/VZUM57AV2.jpg'),
(1018, 'VZUM40AV', 12, 21, 'لون الشوفان', 'images/products/sinks/VZUM40AV.jpg'),
(1019, 'VZUM3434N', 12, 21, 'أسود', 'images/products/sinks/VZUM3434N.jpg'),
(1020, 'VZUM3434B', 12, 21, 'أبيض', 'images/products/sinks/VZUM3434B.jpg'),
(1021, 'VZUM3434AV2', 12, 21, 'لون الشوفان', 'images/products/sinks/VZUM3434AV2.jpg'),
(1022, 'VZUM3434P', 12, 21, 'لون كريمي', 'images/products/sinks/VZUM3434P.jpg'),
(1023, 'VSTQ3020', 12, 21, 'الفولاذ المقاوم للصدأ', 'images/products/sinks/VSTQ3020.jpg'),
(1024, 'LPD116D', 4, 21, 'الفولاذ المقاوم للصدأ', 'images/products/sinks/LPD116D.jpg'),
(1025, 'LPD116S', 4, 21, 'الفولاذ المقاوم للصدأ', 'images/products/sinks/LPD116S.jpg'),
(1026, 'LPD861S', 4, 21, 'الفولاذ المقاوم للصدأ', 'images/products/sinks/LPD861S.jpg'),
(1027, 'LPD861D', 4, 21, 'الفولاذ المقاوم للصدأ', 'images/products/sinks/LPD861D.jpg'),
(1028, 'LQR862F-2', 12, 21, 'الفولاذ المقاوم للصدأ', 'images/products/sinks/LQR862F-2.jpg'),
(1029, 'LQR862-2', 12, 21, 'الفولاذ المقاوم للصدأ', 'images/products/sinks/LQR862-2.jpg'),
(1030, 'VQ4530', 12, 21, 'الفولاذ المقاوم للصدأ', 'images/products/sinks/VQ4530.jpg'),
(1031, 'VQ3838', 12, 21, 'الفولاذ المقاوم للصدأ', 'images/products/sinks/VQ3838.jpg'),
(1032, 'LRX9015D', 5, 21, 'الفولاذ المقاوم للصدأ', 'images/products/sinks/LRX9015D.jpg'),
(1033, 'LRX901D', 5, 21, 'الفولاذ المقاوم للصدأ', 'images/products/sinks/LRX901D.jpg'),
(1034, 'LRX9015S', 5, 21, 'الفولاذ المقاوم للصدأ', 'images/products/sinks/LRX9015S.jpg'),
(1035, 'LRX901S', 5, 21, 'الفولاذ المقاوم للصدأ', 'images/products/sinks/LRX901S.jpg'),
(1036, 'LD116D-2', 12, 21, 'الفولاذ المقاوم للصدأ', 'images/products/sinks/LD116D-2.jpg'),
(1037, 'LD116S-2', 12, 21, 'الفولاذ المقاوم للصدأ', 'images/products/sinks/LD116S-2.jpg'),
(1038, 'LD150S-2', 12, 21, 'الفولاذ المقاوم للصدأ', 'images/products/sinks/LD150S-2.jpg'),
(1039, 'LD150D-2', 12, 21, 'الفولاذ المقاوم للصدأ', 'images/products/sinks/LD150D-2.jpg'),
(1040, 'LD861D-2', 12, 21, 'الفولاذ المقاوم للصدأ', 'images/products/sinks/LD861D-2.jpg'),
(1041, 'LD102S-2', 12, 21, 'الفولاذ المقاوم للصدأ', 'images/products/sinks/LD102S-2.jpg'),
(1042, 'LD861S-2', 12, 21, 'الفولاذ المقاوم للصدأ', 'images/products/sinks/LD861S-2.jpg'),
(1043, 'LD102D-2', 12, 21, 'الفولاذ المقاوم للصدأ', 'images/products/sinks/LD102D-2.jpg'),
(1044, 'LD102D', 12, 21, 'الفولاذ المقاوم للصدأ', 'images/products/sinks/LD102D.jpg'),
(1045, 'LD102S', 12, 21, 'الفولاذ المقاوم للصدأ', 'images/products/sinks/LD102S.jpg'),
(1046, 'VQ72RS-2', 12, 21, 'الفولاذ المقاوم للصدأ', 'images/products/sinks/VQ72RS-2.jpg'),
(1047, 'LFT77RS', 12, 21, 'الفولاذ المقاوم للصدأ', 'images/products/sinks/LFT77RS.jpg'),
(1048, 'LFT34RS', 12, 21, 'الفولاذ المقاوم للصدأ', 'images/products/sinks/LFT34RS.jpg'),
(1049, 'LFT862', 12, 21, 'الفولاذ المقاوم للصدأ', 'images/products/sinks/LFT862.jpg'),
(1050, 'LFT3434RS', 12, 21, 'الفولاذ المقاوم للصدأ', 'images/products/sinks/LFT3434RS.jpg'),
(1051, 'LFT77', 12, 21, 'الفولاذ المقاوم للصدأ', 'images/products/sinks/LFT77.jpg'),
(1052, 'LFT50', 12, 21, 'الفولاذ المقاوم للصدأ', 'images/products/sinks/LFT50.jpg'),
(1053, 'LFT50RS', 12, 21, 'الفولاذ المقاوم للصدأ', 'images/products/sinks/LFT50RS.jpg'),
(1054, 'LFT34', 12, 21, 'الفولاذ المقاوم للصدأ', 'images/products/sinks/LFT34.jpg'),
(1055, 'LFT3418RS', 12, 21, 'الفولاذ المقاوم للصدأ', 'images/products/sinks/LFT3418RS.jpg'),
(1056, 'LTS901D-2', 12, 21, 'الفولاذ المقاوم للصدأ', 'images/products/sinks/LTS901D-2.jpg'),
(1057, 'LTS102S-2', 12, 21, 'الفولاذ المقاوم للصدأ', 'images/products/sinks/LTS102S-2.jpg'),
(1058, 'LTS116S-2', 12, 21, 'الفولاذ المقاوم للصدأ', 'images/products/sinks/LTS116S-2.jpg'),
(1059, 'LTS102D-2', 12, 21, 'الفولاذ المقاوم للصدأ', 'images/products/sinks/LTS102D-2.jpg'),
(1060, 'LPE861D', 12, 21, 'الفولاذ المقاوم للصدأ', 'images/products/sinks/LPE861D.jpg'),
(1061, 'LPE116S', 12, 21, 'الفولاذ المقاوم للصدأ', 'images/products/sinks/LPE116S.jpg'),
(1062, 'LTS116D-2', 12, 21, 'الفولاذ المقاوم للصدأ', 'images/products/sinks/LTS116D-2.jpg'),
(1063, 'LPE116D', 12, 21, 'الفولاذ المقاوم للصدأ', 'images/products/sinks/LPE116D.jpg'),
(1064, 'LPE861S', 12, 21, 'الفولاذ المقاوم للصدأ', 'images/products/sinks/LPE861S.jpg'),
(1065, 'LPE102S', 12, 21, 'الفولاذ المقاوم للصدأ', 'images/products/sinks/LPE102S.jpg'),
(1066, 'LV95F-3', 12, 21, 'الفولاذ المقاوم للصدأ', 'images/products/sinks/LV95F-3.jpg'),
(1067, 'LPE102D', 12, 21, 'الفولاذ المقاوم للصدأ', 'images/products/sinks/LPE102D.jpg'),
(1068, 'LV95-3', 12, 21, 'الفولاذ المقاوم للصدأ', 'images/products/sinks/LV95-3.jpg'),
(1069, 'LL116S-2', 12, 21, 'الفولاذ المقاوم للصدأ', 'images/products/sinks/LL116S-2.jpg'),
(1070, 'LL116D-2', 12, 21, 'الفولاذ المقاوم للصدأ', 'images/products/sinks/LL116D-2.jpg'),
(1071, 'LM116S-2', 12, 21, 'الفولاذ المقاوم للصدأ', 'images/products/sinks/LM116S-2.jpg'),
(1072, 'LM116D-2', 12, 21, 'الفولاذ المقاوم للصدأ', 'images/products/sinks/LM116D-2.jpg'),
(1073, 'LL102D-2', 12, 21, 'الفولاذ المقاوم للصدأ', 'images/products/sinks/LL102D-2.jpg'),
(1074, 'LL102S-2', 12, 21, 'الفولاذ المقاوم للصدأ', 'images/products/sinks/LL102S-2.jpg'),
(1075, 'LL861S-2', 12, 21, 'الفولاذ المقاوم للصدأ', 'images/products/sinks/LL861S-2.jpg'),
(1076, 'LM102D-2', 12, 21, 'الفولاذ المقاوم للصدأ', 'images/products/sinks/LM102D-2.jpg'),
(1077, 'LM102S-2', 12, 21, 'الفولاذ المقاوم للصدأ', 'images/products/sinks/LM102S-2.jpg'),
(1078, 'LL861D-2', 12, 21, 'الفولاذ المقاوم للصدأ', 'images/products/sinks/LL861D-2.jpg'),
(1079, 'LM861D-2', 12, 21, 'الفولاذ المقاوم للصدأ', 'images/products/sinks/LM861D-2.jpg'),
(1080, 'LL116D', 12, 21, 'الفولاذ المقاوم للصدأ', 'images/products/sinks/LL116D.jpg'),
(1081, 'LL116S', 12, 21, 'الفولاذ المقاوم للصدأ', 'images/products/sinks/LL116S.jpg'),
(1082, 'LM861S-2', 12, 21, 'الفولاذ المقاوم للصدأ', 'images/products/sinks/LM861S-2.jpg'),
(1083, 'LL102D', 12, 21, 'الفولاذ المقاوم للصدأ', 'images/products/sinks/LL102D.jpg'),
(1084, 'LL102S', 12, 21, 'الفولاذ المقاوم للصدأ', 'images/products/sinks/LL102S.jpg'),
(1085, 'LL861S', 12, 21, 'الفولاذ المقاوم للصدأ', 'images/products/sinks/LL861S.jpg'),
(1086, 'LM861D', 12, 21, 'الفولاذ المقاوم للصدأ', 'images/products/sinks/LM861D.jpg'),
(1087, 'LM861S', 12, 21, 'الفولاذ المقاوم للصدأ', 'images/products/sinks/LM861S.jpg'),
(1088, 'LL2AD', 12, 21, 'الفولاذ المقاوم للصدأ', 'images/products/sinks/LL2AD.jpg'),
(1089, 'SP116D', 12, 21, 'الفولاذ المقاوم للصدأ', 'images/products/sinks/SP116D.jpg'),
(1090, 'SP101S', 12, 21, 'الفولاذ المقاوم للصدأ', 'images/products/sinks/SP101S.jpg'),
(1091, 'SP116S', 12, 21, 'الفولاذ المقاوم للصدأ', 'images/products/sinks/SP116S.jpg'),
(1092, 'LL2AS', 12, 21, 'الفولاذ المقاوم للصدأ', 'images/products/sinks/LL2AS.jpg'),
(1093, 'SP101D', 12, 21, 'الفولاذ المقاوم للصدأ', 'images/products/sinks/SP101D.jpg'),
(1094, 'SP102D', 12, 21, 'الفولاذ المقاوم للصدأ', 'images/products/sinks/SP102D.jpg'),
(1095, 'SP102S', 12, 21, 'الفولاذ المقاوم للصدأ', 'images/products/sinks/SP102S.jpg'),
(1096, 'SP791D-2', 12, 21, 'الفولاذ المقاوم للصدأ', 'images/products/sinks/SP791D-2.jpg'),
(1097, 'SP791S-2', 12, 21, 'الفولاذ المقاوم للصدأ', 'images/products/sinks/SP791S-2.jpg'),
(1098, 'SP7915S-2', 12, 21, 'الفولاذ المقاوم للصدأ', 'images/products/sinks/SP7915S-2.jpg'),
(1099, 'SP7915D-2', 12, 21, 'الفولاذ المقاوم للصدأ', 'images/products/sinks/SP7915D-2.jpg'),
(1100, 'SP861S', 12, 21, 'الفولاذ المقاوم للصدأ', 'images/products/sinks/SP861S.jpg'),
(1101, 'SP861D', 12, 21, 'الفولاذ المقاوم للصدأ', 'images/products/sinks/SP861D.jpg'),
(1102, 'SG116D', 12, 21, 'الفولاذ المقاوم للصدأ', 'images/products/sinks/SG116D.jpg'),
(1103, 'SG861S', 12, 21, 'الفولاذ المقاوم للصدأ', 'images/products/sinks/SG861S.jpg'),
(1104, 'SG861D', 12, 21, 'الفولاذ المقاوم للصدأ', 'images/products/sinks/SG861D.jpg'),
(1105, 'SG116S', 12, 21, 'الفولاذ المقاوم للصدأ', 'images/products/sinks/SG116S.jpg'),
(1106, 'APM116D', 12, 21, 'الفولاذ المقاوم للصدأ', 'images/products/sinks/APM116D.jpg'),
(1107, 'SGE116.1D', 12, 21, 'الفولاذ المقاوم للصدأ', 'images/products/sinks/SGE116.1D.jpg'),
(1108, 'SGE116.1S', 12, 21, 'الفولاذ المقاوم للصدأ', 'images/products/sinks/SGE116.1S.jpg'),
(1109, 'APM116S', 12, 21, 'الفولاذ المقاوم للصدأ', 'images/products/sinks/APM116S.jpg'),
(1110, 'APM861D', 12, 21, 'الفولاذ المقاوم للصدأ', 'images/products/sinks/APM861D.jpg'),
(1111, 'APM861S', 12, 21, 'الفولاذ المقاوم للصدأ', 'images/products/sinks/APM861S.jpg'),
(1112, 'LGM116D-2', 12, 21, 'الفولاذ المقاوم للصدأ', 'images/products/sinks/LGM116D-2.jpg'),
(1113, 'LG116D-2', 12, 21, 'الفولاذ المقاوم للصدأ', 'images/products/sinks/LG116D-2.jpg'),
(1114, 'LGM116S-2', 12, 21, 'الفولاذ المقاوم للصدأ', 'images/products/sinks/LGM116S-2.jpg'),
(1115, 'LG116S-2', 12, 21, 'الفولاذ المقاوم للصدأ', 'images/products/sinks/LG116S-2.jpg'),
(1116, 'LG150D-2', 12, 21, 'الفولاذ المقاوم للصدأ', 'images/products/sinks/LG150D-2.jpg'),
(1117, 'LG861D-2', 12, 21, 'الفولاذ المقاوم للصدأ', 'images/products/sinks/LG861D-2.jpg'),
(1118, 'LG150S-2', 12, 21, 'الفولاذ المقاوم للصدأ', 'images/products/sinks/LG150S-2.jpg'),
(1119, 'LG861S-2', 12, 21, 'الفولاذ المقاوم للصدأ', 'images/products/sinks/LG861S-2.jpg'),
(1120, 'LGM861D-2', 12, 21, 'الفولاذ المقاوم للصدأ', 'images/products/sinks/LGM861D-2.jpg'),
(1121, 'LGM861S-2', 12, 21, 'الفولاذ المقاوم للصدأ', 'images/products/sinks/LGM861S-2.jpg'),
(1122, 'LG116D', 12, 21, 'الفولاذ المقاوم للصدأ', 'images/products/sinks/LG116D.jpg'),
(1123, 'LGM116S', 12, 21, 'الفولاذ المقاوم للصدأ', 'images/products/sinks/LGM116S.jpg'),
(1124, 'LGM861D', 12, 21, 'الفولاذ المقاوم للصدأ', 'images/products/sinks/LGM861D.jpg'),
(1125, 'LG116S', 12, 21, 'الفولاذ المقاوم للصدأ', 'images/products/sinks/LG116S.jpg'),
(1126, 'LGM861S', 12, 21, 'الفولاذ المقاوم للصدأ', 'images/products/sinks/LGM861S.jpg'),
(1127, 'LLR116-2', 12, 21, 'الفولاذ المقاوم للصدأ', 'images/products/sinks/LLR116-2.jpg'),
(1128, 'LLR102-2', 12, 21, 'الفولاذ المقاوم للصدأ', 'images/products/sinks/LLR102-2.jpg'),
(1129, 'LLR861-2', 12, 21, 'الفولاذ المقاوم للصدأ', 'images/products/sinks/LLR861-2.jpg'),
(1130, 'LE861D', 12, 21, 'الفولاذ المقاوم للصدأ', 'images/products/sinks/LE861D.jpg'),
(1131, 'LE102D', 12, 21, 'الفولاذ المقاوم للصدأ', 'images/products/sinks/LE102D.jpg'),
(1132, 'LE102S', 12, 21, 'الفولاذ المقاوم للصدأ', 'images/products/sinks/LE102S.jpg'),
(1133, 'LEH102D', 12, 21, 'الفولاذ المقاوم للصدأ', 'images/products/sinks/LEH102D.jpg'),
(1134, 'LE116S', 12, 21, 'الفولاذ المقاوم للصدأ', 'images/products/sinks/LE116S.jpg'),
(1135, 'LEH102S', 12, 21, 'الفولاذ المقاوم للصدأ', 'images/products/sinks/LEH102S.jpg'),
(1136, 'LEH116D', 12, 21, 'الفولاذ المقاوم للصدأ', 'images/products/sinks/LEH116D.jpg'),
(1137, 'LEH116S', 12, 21, 'الفولاذ المقاوم للصدأ', 'images/products/sinks/LEH116S.jpg'),
(1138, 'LEH150S', 12, 21, 'الفولاذ المقاوم للصدأ', 'images/products/sinks/LEH150S.jpg'),
(1139, 'LEH150D', 12, 21, 'الفولاذ المقاوم للصدأ', 'images/products/sinks/LEH150D.jpg'),
(1140, 'LEH861D', 12, 21, 'الفولاذ المقاوم للصدأ', 'images/products/sinks/LEH861D.jpg'),
(1141, 'LEH861S', 12, 21, 'الفولاذ المقاوم للصدأ', 'images/products/sinks/LEH861S.jpg'),
(1142, 'LYP116D', 12, 21, 'الفولاذ المقاوم للصدأ', 'images/products/sinks/LYP116D.jpg'),
(1143, 'LYP116S', 12, 21, 'الفولاذ المقاوم للصدأ', 'images/products/sinks/LYP116S.jpg'),
(1144, 'LYP791D', 12, 21, 'الفولاذ المقاوم للصدأ', 'images/products/sinks/LYP791D.jpg'),
(1145, 'LYP791S', 12, 21, 'الفولاذ المقاوم للصدأ', 'images/products/sinks/LYP791S.jpg'),
(1146, 'LYP861D', 12, 21, 'الفولاذ المقاوم للصدأ', 'images/products/sinks/LYP861D.jpg'),
(1147, 'LYP861S', 12, 21, 'الفولاذ المقاوم للصدأ', 'images/products/sinks/LYP861S.jpg'),
(1148, 'LXP861D', 12, 21, 'الفولاذ المقاوم للصدأ', 'images/products/sinks/LXP861D.jpg'),
(1149, 'LXP861S', 12, 21, 'الفولاذ المقاوم للصدأ', 'images/products/sinks/LXP861S.jpg'),
(1150, 'LX861D-2', 12, 21, 'الفولاذ المقاوم للصدأ', 'images/products/sinks/LX861D-2.jpg'),
(1151, 'LZ116AV2', 12, 21, 'لون الشوفان', 'images/products/sinks/LZ116AV2.jpg'),
(1152, 'LZ116B', 12, 21, 'أبيض', 'images/products/sinks/LZ116B.jpg'),
(1153, 'LZ116A2', 12, 21, 'لون فحم', 'images/products/sinks/LZ116A2.jpg'),
(1154, 'LZ116P', 12, 21, 'لون كريمي', 'images/products/sinks/LZ116P.jpg'),
(1155, 'LZ102A', 12, 21, 'لون فحم', 'images/products/sinks/LZ102A.jpg'),
(1156, 'LZ102AV', 12, 21, 'لون الشوفان', 'images/products/sinks/LZ102AV.jpg'),
(1157, 'LZ102P', 12, 21, 'لون كريمي', 'images/products/sinks/LZ102P.jpg'),
(1158, 'LZ102B', 12, 21, 'أبيض', 'images/products/sinks/LZ102B.jpg'),
(1159, 'LZ102A2', 12, 21, 'لون فحم', 'images/products/sinks/LZ102A2.jpg'),
(1160, 'LZ102AV2', 12, 21, 'لون الشوفان', 'images/products/sinks/LZ102AV2.jpg'),
(1161, 'LZ150A2', 12, 21, 'لون فحم', 'images/products/sinks/LZ150A2.jpg'),
(1162, 'LZ150B', 12, 21, 'لون الشوفان', 'images/products/sinks/LZ150B.jpg'),
(1163, 'LZ150P', 12, 21, 'لون الشوفان', 'images/products/sinks/LZ150P.jpg'),
(1164, 'LZ150AV2', 12, 21, 'لون الشوفان', 'images/products/sinks/LZ150AV2.jpg'),
(1165, 'LZ862AV2', 12, 21, 'لون الشوفان', 'images/products/sinks/LZ862AV2.jpg'),
(1166, 'LZ861A2', 12, 21, 'لون فحم', 'images/products/sinks/LZ861A2.jpg'),
(1167, 'LZ861P', 12, 21, 'لون كريمي', 'images/products/sinks/LZ861P.jpg'),
(1168, 'LZ861B', 12, 21, 'أبيض', 'images/products/sinks/LZ861B.jpg'),
(1169, 'LZ861AV', 12, 21, 'لون الشوفان', 'images/products/sinks/LZ861AV.jpg'),
(1170, 'LZ861AV2', 12, 21, 'لون الشوفان', 'images/products/sinks/LZ861AV2.jpg'),
(1171, 'LZ791A', 12, 21, 'لون فحم', 'images/products/sinks/LZ791A.jpg'),
(1172, 'LZ791AV2', 12, 21, 'لون الشوفان', 'images/products/sinks/LZ791AV2.jpg'),
(1173, 'LZ791B', 12, 21, 'أبيض', 'images/products/sinks/LZ791B.jpg'),
(1174, 'LZ791P', 12, 21, 'لون كريمي', 'images/products/sinks/LZ791P.jpg'),
(1175, 'LZ791AV', 12, 21, 'لون الشوفان', 'images/products/sinks/LZ791AV.jpg'),
(1176, 'LZ830B', 12, 21, 'أبيض', 'images/products/sinks/LZ830B.jpg'),
(1177, 'LZ830AV2', 12, 21, 'لون الشوفان', 'images/products/sinks/LZ830AV2.jpg'),
(1178, 'LZ791A2', 12, 21, 'لون فحم', 'images/products/sinks/LZ791A2.jpg'),
(1179, 'LZ830A2', 12, 21, 'لون فحم', 'images/products/sinks/LZ830A2.jpg'),
(1180, 'VQ3020', 12, 21, 'الفولاذ المقاوم للصدأ', 'images/products/sinks/VQ3020.jpg'),
(1386, 'FI360LX', 7, 18, 'الفولاذ المقاوم للصدأ', 'images/products/freezers/FI360LX.jpg'),
(1387, 'S7220FNDP1', 12, 18, 'أبيض', 'images/products/freezers/S7220FNDP1.jpg'),
(1388, 'S7220FND2P', 12, 18, 'أبيض', 'images/products/freezers/S7220FND2P.jpg'),
(1389, 'S7220FND2P1', 12, 18, 'أبيض', 'images/products/freezers/S7220FND2P1.jpg'),
(1390, 'S3F0922P', 12, 18, 'أبيض', 'images/products/freezers/S3F0922P.jpg'),
(1391, 'SD7220FND2P1', 12, 18, 'أبيض', 'images/products/freezers/SD7220FND2P1.jpg'),
(1392, 'S3F072P', 12, 18, 'أبيض', 'images/products/freezers/S3F072P.jpg'),
(1393, 'UD7108FSEP', 12, 18, 'أبيض', 'images/products/freezers/UD7108FSEP.jpg'),
(1394, 'SD7220FND2P', 12, 18, 'أبيض', 'images/products/freezers/SD7220FND2P.jpg'),
(1395, 'U3F082P', 12, 18, 'أبيض', 'images/products/freezers/U3F082P.jpg'),
(1396, 'CVB20RP1', 8, 18, 'لون كريمي', 'images/products/freezers/CVB20RP1.jpg'),
(1397, 'CVB20RNE1', 8, 18, 'أسود', 'images/products/freezers/CVB20RNE1.jpg'),
(1398, 'CVB20LR1', 8, 18, 'أحمر', 'images/products/freezers/CVB20LR1.jpg'),
(1399, 'CV282PXNFE', 12, 18, 'الفولاذ المقاوم للصدأ', 'images/products/freezers/CV282PXNFE.jpg'),
(1400, 'CVB20RR1', 8, 18, 'أحمر', 'images/products/freezers/CVB20RR1.jpg'),
(1401, 'CVB20LNE1', 8, 18, 'أسود', 'images/products/freezers/CVB20LNE1.jpg'),
(1402, 'CV282PXNF', 12, 18, 'الفولاذ المقاوم للصدأ', 'images/products/freezers/CV282PXNF.jpg'),
(1403, 'CVB20LP1', 8, 18, 'لون كريمي', 'images/products/freezers/CVB20LP1.jpg'),
(1404, 'CV2902PNE', 12, 18, 'أبيض', 'images/products/freezers/CV2902PNE.jpg'),
(1405, 'CV275PNF', 12, 18, 'أبيض', 'images/products/freezers/CV275PNF.jpg'),
(1406, 'CV100AP', 12, 18, 'أبيض', 'images/products/freezers/CV100AP.jpg'),
(1665, 'FMI425X', 9, 4, 'الفولاذ المقاوم للصدأ', 'images/products/microwaveOvens/FMI425X.jpg'),
(1666, 'FMI425S', 9, 4, 'الفولاذ المقاوم للصدأ', 'images/products/microwaveOvens/FMI425S.jpg'),
(1667, 'FMI020X', 12, 4, 'الفولاذ المقاوم للصدأ', 'images/products/microwaveOvens/FMI020X.jpg'),
(1668, 'FMI420S', 9, 4, 'فضي', 'images/products/microwaveOvens/FMI420S.jpg'),
(1669, 'MP122S1', 5, 4, 'فضي', 'images/products/microwaveOvens/MP122S1.jpg'),
(1670, 'MP122B1', 5, 4, 'أبيض', 'images/products/microwaveOvens/MP122B1.jpg'),
(1671, 'MP122N1', 5, 4, 'أسود', 'images/products/microwaveOvens/MP122N1.jpg'),
(1672, 'MP322X1', 7, 4, 'الفولاذ المقاوم للصدأ', 'images/products/microwaveOvens/MP322X1.jpg'),
(1673, 'FMI325X', 7, 4, 'الفولاذ المقاوم للصدأ', 'images/products/microwaveOvens/FMI325X.jpg'),
(1674, 'FMI017X', 12, 4, 'الفولاذ المقاوم للصدأ', 'images/products/microwaveOvens/FMI017X.jpg'),
(1675, 'FMI120N1', 5, 4, 'أسود', 'images/products/microwaveOvens/FMI120N1.jpg'),
(1676, 'FMI320X', 7, 4, 'الفولاذ المقاوم للصدأ', 'images/products/microwaveOvens/FMI320X.jpg'),
(1677, 'FMI120S1', 5, 4, 'فضي', 'images/products/microwaveOvens/FMI120S1.jpg'),
(1678, 'FMI120B1', 5, 4, 'أبيض', 'images/products/microwaveOvens/FMI120B1.jpg'),
(1679, 'FMC30X-2', 12, 4, 'الفولاذ المقاوم للصدأ', 'images/products/microwaveOvens/FMC30X-2.jpg'),
(1680, 'MOE34CXI', 12, 4, 'الفولاذ المقاوم للصدأ', 'images/products/microwaveOvens/MOE34CXI.jpg'),
(1681, 'MOE25X', 12, 4, 'الفولاذ المقاوم للصدأ', 'images/products/microwaveOvens/MOE25X.jpg'),
(1682, 'RI96LSI', 12, 7, 'الفولاذ المقاوم للصدأ', 'images/products/refrigerators/RI96LSI.jpg'),
(1683, 'RI96RSI', 12, 7, 'الفولاذ المقاوم للصدأ', 'images/products/refrigerators/RI96RSI.jpg'),
(1684, 'CP177NP', 12, 7, 'أبيض', 'images/products/refrigerators/CP177NP.jpg'),
(1685, 'CP177FP', 12, 7, 'أبيض', 'images/products/refrigerators/CP177FP.jpg'),
(1686, 'C8174TN2P', 12, 7, 'أبيض', 'images/products/refrigerators/C8174TN2P.jpg'),
(1687, 'C8194TN2P', 12, 7, 'أبيض', 'images/products/refrigerators/C8194TN2P.jpg'),
(1688, 'RI76RSI', 12, 7, 'الفولاذ المقاوم للصدأ', 'images/products/refrigerators/RI76RSI.jpg'),
(1689, 'RI76LSI', 12, 7, 'الفولاذ المقاوم للصدأ', 'images/products/refrigerators/RI76LSI.jpg'),
(1690, 'C8175TN2P', 12, 7, 'أبيض', 'images/products/refrigerators/C8175TN2P.jpg'),
(1691, 'CP177TN2P', 12, 7, 'أبيض', 'images/products/refrigerators/CP177TN2P.jpg'),
(1692, 'C7280NLD2P1', 12, 7, 'أبيض', 'images/products/refrigerators/C7280NLD2P1.jpg'),
(1693, 'C7280F2P1', 12, 7, 'أبيض', 'images/products/refrigerators/C7280F2P1.jpg'),
(1694, 'C7280NEP1', 12, 7, 'أبيض', 'images/products/refrigerators/C7280NEP1.jpg'),
(1695, 'C3174N2P1', 12, 7, 'أبيض', 'images/products/refrigerators/C3174N2P1.jpg'),
(1696, 'C3170PL1', 12, 7, 'أبيض', 'images/products/refrigerators/C3170PL1.jpg'),
(1697, 'C3170FP1', 12, 7, 'أبيض', 'images/products/refrigerators/C3170FP1.jpg'),
(1698, 'C3170P1', 12, 7, 'أبيض', 'images/products/refrigerators/C3170P1.jpg'),
(1699, 'C3170N2P', 12, 7, 'أبيض', 'images/products/refrigerators/C3170N2P.jpg'),
(1700, 'C3192F2P', 12, 7, 'أبيض', 'images/products/refrigerators/C3192F2P.jpg'),
(1701, 'C7280FP1', 12, 7, 'أبيض', 'images/products/refrigerators/C7280FP1.jpg'),
(1702, 'C3172NP1', 12, 7, 'أبيض', 'images/products/refrigerators/C3172NP1.jpg'),
(1703, 'C3170NP', 12, 7, 'أبيض', 'images/products/refrigerators/C3170NP.jpg'),
(1704, 'C3170F2P1', 12, 7, 'أبيض', 'images/products/refrigerators/C3170F2P1.jpg'),
(1705, 'D72302P', 12, 7, 'أبيض', 'images/products/refrigerators/D72302P.jpg'),
(1706, 'FR232P', 12, 7, 'أبيض', 'images/products/refrigerators/FR232P.jpg'),
(1707, 'D72302P1', 12, 7, 'أبيض', 'images/products/refrigerators/D72302P1.jpg'),
(1708, 'D3140P2', 12, 7, 'أبيض', 'images/products/refrigerators/D3140P2.jpg'),
(1709, 'C7194N2P', 12, 7, 'أبيض', 'images/products/refrigerators/C7194N2P.jpg');
INSERT INTO `products` (`product_id`, `name`, `line_id`, `sub_cat_id`, `color`, `img_url`) VALUES
(1710, 'CR325APZD', 12, 7, 'أبيض', 'images/products/refrigerators/CR325APZD.jpg'),
(1711, 'D3150P1', 12, 7, 'أبيض', 'images/products/refrigerators/D3150P1.jpg'),
(1712, 'D3140P1', 12, 7, 'أبيض', 'images/products/refrigerators/D3140P1.jpg'),
(1713, 'FR232PSX', 12, 7, 'أبيض', 'images/products/refrigerators/FR232PSX.jpg'),
(1714, 'S7298CFD2P1', 12, 7, 'أبيض', 'images/products/refrigerators/S7298CFD2P1.jpg'),
(1715, 'SD7323LFLD2P1', 12, 7, 'أبيض', 'images/products/refrigerators/SD7323LFLD2P1.jpg'),
(1716, 'CD7276NLD2P1', 12, 7, 'أبيض', 'images/products/refrigerators/CD7276NLD2P1.jpg'),
(1717, 'S7323LFLD2P1', 12, 7, 'أبيض', 'images/products/refrigerators/S7323LFLD2P1.jpg'),
(1718, 'S7323LFEP1', 12, 7, 'أبيض', 'images/products/refrigerators/S7323LFEP1.jpg'),
(1719, 'S7298CFEP1', 12, 7, 'أبيض', 'images/products/refrigerators/S7298CFEP1.jpg'),
(1720, 'S3C120P1', 12, 7, 'أبيض', 'images/products/refrigerators/S3C120P1.jpg'),
(1721, 'S3L090P1', 12, 7, 'أبيض', 'images/products/refrigerators/S3L090P1.jpg'),
(1722, 'S3C090P1', 12, 7, 'أبيض', 'images/products/refrigerators/S3C090P1.jpg'),
(1723, 'UD7122CSP', 12, 7, 'أبيض', 'images/products/refrigerators/UD7122CSP.jpg'),
(1724, 'S3L120P1', 12, 7, 'أبيض', 'images/products/refrigerators/S3L120P1.jpg'),
(1725, 'UD7140LSP', 12, 7, 'أبيض', 'images/products/refrigerators/UD7140LSP.jpg'),
(1726, 'U3C080P1', 12, 7, 'أبيض', 'images/products/refrigerators/U3C080P1.jpg'),
(1727, 'U3C080P', 12, 7, 'أبيض', 'images/products/refrigerators/U3C080P.jpg'),
(1728, 'U3L080P1', 12, 7, 'أبيض', 'images/products/refrigerators/U3L080P1.jpg'),
(1729, 'RI360RX', 7, 7, 'الفولاذ المقاوم للصدأ', 'images/products/refrigerators/RI360RX.jpg'),
(1730, 'FAB5RWH', 8, 7, 'أبيض', 'images/products/refrigerators/FAB5RWH.jpg'),
(1731, 'FAB5RWH3', 8, 7, 'أبيض', 'images/products/refrigerators/FAB5RWH3.jpg'),
(1732, 'FAB5RBL3', 8, 7, 'أسود', 'images/products/refrigerators/FAB5RBL3.jpg'),
(1733, 'FAB5RBL', 8, 7, 'أسود', 'images/products/refrigerators/FAB5RBL.jpg'),
(1734, 'FAB5LWH', 8, 7, 'أبيض', 'images/products/refrigerators/FAB5LWH.jpg'),
(1735, 'FAB5ROR3', 8, 7, 'برتقالي', 'images/products/refrigerators/FAB5ROR3.jpg'),
(1736, 'FAB5LWH3', 8, 7, 'أبيض', 'images/products/refrigerators/FAB5LWH3.jpg'),
(1737, 'FAB5LBL3', 8, 7, 'أسود', 'images/products/refrigerators/FAB5LBL3.jpg'),
(1738, 'FAB5LOR', 8, 7, 'برتقالي', 'images/products/refrigerators/FAB5LOR.jpg'),
(1739, 'FAB5LOR3', 8, 7, 'برتقالي', 'images/products/refrigerators/FAB5LOR3.jpg'),
(1740, 'FAB5RCR3', 8, 7, 'لون كريمي', 'images/products/refrigerators/FAB5RCR3.jpg'),
(1741, 'FAB5RSV3', 8, 7, 'فضي', 'images/products/refrigerators/FAB5RSV3.jpg'),
(1742, 'FAB5LCR3', 8, 7, 'لون كريمي', 'images/products/refrigerators/FAB5LCR3.jpg'),
(1743, 'FAB5RRD', 8, 7, 'أحمر', 'images/products/refrigerators/FAB5RRD.jpg'),
(1744, 'FAB5LSV3', 8, 7, 'فضي', 'images/products/refrigerators/FAB5LSV3.jpg'),
(1745, 'FAB5RRD3', 8, 7, 'أحمر', 'images/products/refrigerators/FAB5RRD3.jpg'),
(1746, 'FAB5LRD3', 8, 7, 'أحمر', 'images/products/refrigerators/FAB5LRD3.jpg'),
(1747, 'FAB5LRD', 8, 7, 'أحمر', 'images/products/refrigerators/FAB5LRD.jpg'),
(1748, 'FAB5RGO', 8, 7, 'ذهبي', 'images/products/refrigerators/FAB5RGO.jpg'),
(1749, 'FAB5RDGO3', 8, 7, 'ذهبي', 'images/products/refrigerators/FAB5RDGO3.jpg'),
(1750, 'FAB5RPB3', 8, 7, 'أزرق فاتح', 'images/products/refrigerators/FAB5RPB3.jpg'),
(1751, 'FAB5LPB3', 8, 7, 'أزرق فاتح', 'images/products/refrigerators/FAB5LPB3.jpg'),
(1752, 'FAB5LPG3', 8, 7, 'أخضر فاتح', 'images/products/refrigerators/FAB5LPG3.jpg'),
(1753, 'FAB5RPG3', 8, 7, 'أخضر فاتح', 'images/products/refrigerators/FAB5RPG3.jpg'),
(1754, 'FAB5LPG', 8, 7, 'أخضر فاتح', 'images/products/refrigerators/FAB5LPG.jpg'),
(1755, 'FAB5RPK3', 8, 7, 'وردي', 'images/products/refrigerators/FAB5RPK3.jpg'),
(1756, 'FAB5LPK3', 8, 7, 'وردي', 'images/products/refrigerators/FAB5LPK3.jpg'),
(1757, 'FAB10RPB2', 8, 7, 'أزرق فاتح', 'images/products/refrigerators/FAB10RPB2.jpg'),
(1758, 'FAB5LPK', 8, 7, 'وردي', 'images/products/refrigerators/FAB5LPK.jpg'),
(1759, 'FAB10RPK2', 8, 7, 'وردي', 'images/products/refrigerators/FAB10RPK2.jpg'),
(1760, 'FAB10RPG2', 8, 7, 'أخضر فاتح', 'images/products/refrigerators/FAB10RPG2.jpg'),
(1761, 'FAB10RCR2', 8, 7, 'لون كريمي', 'images/products/refrigerators/FAB10RCR2.jpg'),
(1762, 'FAB10LCR2', 8, 7, 'لون كريمي', 'images/products/refrigerators/FAB10LCR2.jpg'),
(1763, 'FAB10ROR2', 8, 7, 'برتقالي', 'images/products/refrigerators/FAB10ROR2.jpg'),
(1764, 'FAB10RP', 8, 7, 'لون كريمي', 'images/products/refrigerators/FAB10RP.jpg'),
(1765, 'FAB10RR', 8, 7, 'أحمر', 'images/products/refrigerators/FAB10RR.jpg'),
(1766, 'FAB10LOR2', 8, 7, 'برتقالي', 'images/products/refrigerators/FAB10LOR2.jpg'),
(1767, 'FAB10RNE', 8, 7, 'أسود', 'images/products/refrigerators/FAB10RNE.jpg'),
(1768, 'FAB10RBL2', 8, 7, 'أسود', 'images/products/refrigerators/FAB10RBL2.jpg'),
(1769, 'FAB10LBL2', 8, 7, 'أسود', 'images/products/refrigerators/FAB10LBL2.jpg'),
(1770, 'FAB10RRD2', 8, 7, 'أحمر', 'images/products/refrigerators/FAB10RRD2.jpg'),
(1771, 'FAB10LRD2', 8, 7, 'أحمر', 'images/products/refrigerators/FAB10LRD2.jpg'),
(1772, 'FAB10RB', 8, 7, 'أبيض', 'images/products/refrigerators/FAB10RB.jpg'),
(1773, 'FAB10RWH2', 8, 7, 'أبيض', 'images/products/refrigerators/FAB10RWH2.jpg'),
(1774, 'FAB10LB', 8, 7, 'أبيض', 'images/products/refrigerators/FAB10LB.jpg'),
(1775, 'FAB10LWH2', 8, 7, 'أبيض', 'images/products/refrigerators/FAB10LWH2.jpg'),
(1776, 'FAB10HLR', 8, 7, 'أحمر', 'images/products/refrigerators/FAB10HLR.jpg'),
(1777, 'FAB10HRR', 8, 7, 'أحمر', 'images/products/refrigerators/FAB10HRR.jpg'),
(1778, 'FAB10HRNE', 8, 7, 'أسود', 'images/products/refrigerators/FAB10HRNE.jpg'),
(1779, 'FAB10HLNE', 8, 7, 'أسود', 'images/products/refrigerators/FAB10HLNE.jpg'),
(1780, 'FAB10HLP', 8, 7, 'لون كريمي', 'images/products/refrigerators/FAB10HLP.jpg'),
(1781, 'FAB10HRP', 8, 7, 'لون كريمي', 'images/products/refrigerators/FAB10HRP.jpg'),
(1782, 'FAB10HRCR2', 8, 7, 'لون كريمي', 'images/products/refrigerators/FAB10HRCR2.jpg'),
(1783, 'FAB10HRB', 8, 7, 'أبيض', 'images/products/refrigerators/FAB10HRB.jpg'),
(1784, 'FAB10HLB', 8, 7, 'أبيض', 'images/products/refrigerators/FAB10HLB.jpg'),
(1785, 'FAB38RBL', 8, 7, 'أسود', 'images/products/refrigerators/FAB38RBL.jpg'),
(1786, 'FAB38LBL', 8, 7, 'أسود', 'images/products/refrigerators/FAB38LBL.jpg'),
(1787, 'FAB38RCR', 8, 7, 'لون كريمي', 'images/products/refrigerators/FAB38RCR.jpg'),
(1788, 'FAB38LCR', 8, 7, 'لون كريمي', 'images/products/refrigerators/FAB38LCR.jpg'),
(1789, 'FAB38RPG', 8, 7, 'أخضر فاتح', 'images/products/refrigerators/FAB38RPG.jpg'),
(1790, 'FAB28RWH3', 8, 7, 'أبيض', 'images/products/refrigerators/FAB28RWH3.jpg'),
(1791, 'FAB38RPB', 8, 7, 'أزرق فاتح', 'images/products/refrigerators/FAB38RPB.jpg'),
(1792, 'FAB38RWH', 8, 7, 'أبيض', 'images/products/refrigerators/FAB38RWH.jpg'),
(1793, 'FAB38RRD', 8, 7, 'أحمر', 'images/products/refrigerators/FAB38RRD.jpg'),
(1794, 'FAB28LWH3', 8, 7, 'أبيض', 'images/products/refrigerators/FAB28LWH3.jpg'),
(1795, 'FAB28RYW3', 8, 7, 'أصفر', 'images/products/refrigerators/FAB28RYW3.jpg'),
(1796, 'FAB28LYW3', 8, 7, 'أصفر', 'images/products/refrigerators/FAB28LYW3.jpg'),
(1797, 'FAB28RBL3', 8, 7, 'أسود', 'images/products/refrigerators/FAB28RBL3.jpg'),
(1798, 'FAB28LBL3', 8, 7, 'أسود', 'images/products/refrigerators/FAB28LBL3.jpg'),
(1799, 'FAB28RPG3', 8, 7, 'أخضر فاتح', 'images/products/refrigerators/FAB28RPG3.jpg'),
(1800, 'FAB28LPG3', 8, 7, 'أخضر فاتح', 'images/products/refrigerators/FAB28LPG3.jpg'),
(1801, 'FAB28RPK3', 8, 7, 'وردي', 'images/products/refrigerators/FAB28RPK3.jpg'),
(1802, 'FAB28LPK3', 8, 7, 'وردي', 'images/products/refrigerators/FAB28LPK3.jpg'),
(1803, 'FAB28LCR3', 8, 7, 'لون كريمي', 'images/products/refrigerators/FAB28LCR3.jpg'),
(1804, 'FAB28LPB3', 8, 7, 'أزرق فاتح', 'images/products/refrigerators/FAB28LPB3.jpg'),
(1805, 'FAB28RPB3', 8, 7, 'أزرق فاتح', 'images/products/refrigerators/FAB28RPB3.jpg'),
(1806, 'FAB28RCR3', 8, 7, 'لون كريمي', 'images/products/refrigerators/FAB28RCR3.jpg'),
(1807, 'FAB28ROR3', 8, 7, 'برتقالي', 'images/products/refrigerators/FAB28ROR3.jpg'),
(1808, 'FAB28LOR3', 8, 7, 'برتقالي', 'images/products/refrigerators/FAB28LOR3.jpg'),
(1809, 'FAB28RBE3', 8, 7, 'أزرق', 'images/products/refrigerators/FAB28RBE3.jpg'),
(1810, 'FAB28RDEG3', 8, 7, 'اخضر زمردي', 'images/products/refrigerators/FAB28RDEG3.jpg'),
(1811, 'FAB28RSV3', 8, 7, 'فضي', 'images/products/refrigerators/FAB28RSV3.jpg'),
(1812, 'FAB28LSV3', 8, 7, 'فضي', 'images/products/refrigerators/FAB28LSV3.jpg'),
(1813, 'FAB28RRD3', 8, 7, 'أحمر', 'images/products/refrigerators/FAB28RRD3.jpg'),
(1814, 'FAB28LRD3', 8, 7, 'أحمر', 'images/products/refrigerators/FAB28LRD3.jpg'),
(1815, 'FAB28RDTP3', 8, 7, 'رمادي داكن', 'images/products/refrigerators/FAB28RDTP3.jpg'),
(1816, 'FAB28RDRB3', 8, 7, 'أحمر ياقوتي', 'images/products/refrigerators/FAB28RDRB3.jpg'),
(1817, 'FAB30RPB3', 8, 7, 'أزرق فاتح', 'images/products/refrigerators/FAB30RPB3.jpg'),
(1818, 'FAB30LAZ1', 8, 7, 'أزرق فاتح', 'images/products/refrigerators/FAB30LAZ1.jpg'),
(1819, 'FAB30LPB3', 8, 7, 'أزرق فاتح', 'images/products/refrigerators/FAB30LPB3.jpg'),
(1820, 'FAB30RWH3', 8, 7, 'أبيض', 'images/products/refrigerators/FAB30RWH3.jpg'),
(1821, 'FAB30LWH3', 8, 7, 'أبيض', 'images/products/refrigerators/FAB30LWH3.jpg'),
(1822, 'FAB30RBE3', 8, 7, 'أزرق', 'images/products/refrigerators/FAB30RBE3.jpg'),
(1823, 'FAB30LNE1', 8, 7, 'أسود', 'images/products/refrigerators/FAB30LNE1.jpg'),
(1824, 'FAB30LBL3', 8, 7, 'أسود', 'images/products/refrigerators/FAB30LBL3.jpg'),
(1825, 'FAB30RBL3', 8, 7, 'أسود', 'images/products/refrigerators/FAB30RBL3.jpg'),
(1826, 'FAB30RCR3', 8, 7, 'لون كريمي', 'images/products/refrigerators/FAB30RCR3.jpg'),
(1827, 'FAB30ROR3', 8, 7, 'برتقالي', 'images/products/refrigerators/FAB30ROR3.jpg'),
(1828, 'FAB30LOR3', 8, 7, 'برتقالي', 'images/products/refrigerators/FAB30LOR3.jpg'),
(1829, 'FAB30LP1', 8, 7, 'لون كريمي', 'images/products/refrigerators/FAB30LP1.jpg'),
(1830, 'FAB30LCR3', 8, 7, 'لون كريمي', 'images/products/refrigerators/FAB30LCR3.jpg'),
(1831, 'FAB30RRD3', 8, 7, 'أحمر', 'images/products/refrigerators/FAB30RRD3.jpg'),
(1832, 'FAB30LR1', 8, 7, 'أحمر', 'images/products/refrigerators/FAB30LR1.jpg'),
(1833, 'FAB30LPK3', 8, 7, 'وردي', 'images/products/refrigerators/FAB30LPK3.jpg'),
(1834, 'FAB30LRO1', 8, 7, 'وردي', 'images/products/refrigerators/FAB30LRO1.jpg'),
(1835, 'FAB30RPG3', 8, 7, 'أخضر فاتح', 'images/products/refrigerators/FAB30RPG3.jpg'),
(1836, 'FAB30RPK3', 8, 7, 'وردي', 'images/products/refrigerators/FAB30RPK3.jpg'),
(1837, 'FAB30RRO1', 8, 7, 'وردي', 'images/products/refrigerators/FAB30RRO1.jpg'),
(1838, 'FAB30LRD3', 8, 7, 'أحمر', 'images/products/refrigerators/FAB30LRD3.jpg'),
(1839, 'FAB30RV1', 8, 7, 'أخضر فاتح', 'images/products/refrigerators/FAB30RV1.jpg'),
(1840, 'FAB30LV1', 8, 7, 'أخضر فاتح', 'images/products/refrigerators/FAB30LV1.jpg'),
(1841, 'FAB30LPG3', 8, 7, 'أخضر فاتح', 'images/products/refrigerators/FAB30LPG3.jpg'),
(1842, 'FAB30RSV3', 8, 7, 'فضي', 'images/products/refrigerators/FAB30RSV3.jpg'),
(1843, 'FAB30LSV3', 8, 7, 'فضي', 'images/products/refrigerators/FAB30LSV3.jpg'),
(1844, 'FAB32LCR3', 8, 7, 'لون كريمي', 'images/products/refrigerators/FAB32LCR3.jpg'),
(1845, 'FAB32RCR3', 8, 7, 'لون كريمي', 'images/products/refrigerators/FAB32RCR3.jpg'),
(1846, 'FAB32LWH3', 8, 7, 'أبيض', 'images/products/refrigerators/FAB32LWH3.jpg'),
(1847, 'FAB32RWH3', 8, 7, 'أبيض', 'images/products/refrigerators/FAB32RWH3.jpg'),
(1848, 'FAB32RPB3', 8, 7, 'أزرق فاتح', 'images/products/refrigerators/FAB32RPB3.jpg'),
(1849, 'FAB32LPB3', 8, 7, 'أزرق فاتح', 'images/products/refrigerators/FAB32LPB3.jpg'),
(1850, 'FAB32RBE3', 8, 7, 'أزرق', 'images/products/refrigerators/FAB32RBE3.jpg'),
(1851, 'FAB32LOR3', 8, 7, 'برتقالي', 'images/products/refrigerators/FAB32LOR3.jpg'),
(1852, 'FAB32ROR3', 8, 7, 'برتقالي', 'images/products/refrigerators/FAB32ROR3.jpg'),
(1853, 'FAB32LBL3', 8, 7, 'أسود', 'images/products/refrigerators/FAB32LBL3.jpg'),
(1854, 'FAB32RPK3', 8, 7, 'وردي', 'images/products/refrigerators/FAB32RPK3.jpg'),
(1855, 'FAB32RBL3', 8, 7, 'أسود', 'images/products/refrigerators/FAB32RBL3.jpg'),
(1856, 'FAB32LPG3', 8, 7, 'أخضر فاتح', 'images/products/refrigerators/FAB32LPG3.jpg'),
(1857, 'FAB32RRD3', 8, 7, 'أحمر', 'images/products/refrigerators/FAB32RRD3.jpg'),
(1858, 'FAB32LPK3', 8, 7, 'وردي', 'images/products/refrigerators/FAB32LPK3.jpg'),
(1859, 'FAB32LSV3', 8, 7, 'فضي', 'images/products/refrigerators/FAB32LSV3.jpg'),
(1860, 'FAB32LRD3', 8, 7, 'أحمر', 'images/products/refrigerators/FAB32LRD3.jpg'),
(1861, 'FAB32RSV3', 8, 7, 'فضي', 'images/products/refrigerators/FAB32RSV3.jpg'),
(1862, 'FAB32RRON1', 8, 7, 'وردي', 'images/products/refrigerators/FAB32RRON1.jpg'),
(1863, 'FAB50RSV', 8, 7, 'فضي', 'images/products/refrigerators/FAB50RSV.jpg'),
(1864, 'FAB50LSV', 8, 7, 'فضي', 'images/products/refrigerators/FAB50LSV.jpg'),
(1865, 'FAB50RCRB', 8, 7, 'لون كريمي', 'images/products/refrigerators/FAB50RCRB.jpg'),
(1866, 'FAB50RCR', 8, 7, 'لون كريمي', 'images/products/refrigerators/FAB50RCR.jpg'),
(1867, 'FAB50LWH', 8, 7, 'أبيض', 'images/products/refrigerators/FAB50LWH.jpg'),
(1868, 'FAB50RWH', 8, 7, 'أبيض', 'images/products/refrigerators/FAB50RWH.jpg'),
(1869, 'FAB50LCRB', 8, 7, 'لون كريمي', 'images/products/refrigerators/FAB50LCRB.jpg'),
(1870, 'FAB50LCR', 8, 7, 'لون كريمي', 'images/products/refrigerators/FAB50LCR.jpg'),
(1871, 'FAB50RBL', 8, 7, 'أسود', 'images/products/refrigerators/FAB50RBL.jpg'),
(1872, 'FAB50RPB', 8, 7, 'أزرق فاتح', 'images/products/refrigerators/FAB50RPB.jpg'),
(1873, 'FAB50LPB', 8, 7, 'أزرق فاتح', 'images/products/refrigerators/FAB50LPB.jpg'),
(1874, 'FAB50RPG', 8, 7, 'أخضر فاتح', 'images/products/refrigerators/FAB50RPG.jpg'),
(1875, 'FAB50LBL', 8, 7, 'أسود', 'images/products/refrigerators/FAB50LBL.jpg'),
(1876, 'FAB50LRD', 8, 7, 'أحمر', 'images/products/refrigerators/FAB50LRD.jpg'),
(1877, 'RF396RSIX', 7, 7, 'الفولاذ المقاوم للصدأ', 'images/products/refrigerators/RF396RSIX.jpg'),
(1878, 'RF396LSIX', 7, 7, 'الفولاذ المقاوم للصدأ', 'images/products/refrigerators/RF396LSIX.jpg'),
(1879, 'FAB50RRD', 8, 7, 'أحمر', 'images/products/refrigerators/FAB50RRD.jpg'),
(1880, 'FAB50LPG', 8, 7, 'أخضر فاتح', 'images/products/refrigerators/FAB50LPG.jpg'),
(1881, 'FT41BXE', 12, 7, 'الفولاذ المقاوم للصدأ', 'images/products/refrigerators/FT41BXE.jpg'),
(1882, 'FA390X4', 7, 7, 'الفولاذ المقاوم للصدأ', 'images/products/refrigerators/FA390X4.jpg'),
(1883, 'FA390XS4', 7, 7, 'الفولاذ المقاوم للصدأ', 'images/products/refrigerators/FA390XS4.jpg'),
(1884, 'FA8003AO', 3, 7, 'لون فحم', 'images/products/refrigerators/FA8003AO.jpg'),
(1885, 'FA8003P', 3, 7, 'لون كريمي', 'images/products/refrigerators/FA8003P.jpg'),
(1886, 'FA8003PS', 3, 7, 'لون كريمي', 'images/products/refrigerators/FA8003PS.jpg'),
(1887, 'FA8003POS', 3, 7, 'لون كريمي', 'images/products/refrigerators/FA8003POS.jpg'),
(1888, 'FA8003AOS', 3, 7, 'لون فحم', 'images/products/refrigerators/FA8003AOS.jpg'),
(1889, 'FA8003PO', 3, 7, 'لون كريمي', 'images/products/refrigerators/FA8003PO.jpg'),
(1890, 'CF33BP', 12, 7, 'أبيض', 'images/products/refrigerators/CF33BP.jpg'),
(1891, 'CF33SP', 12, 7, 'فضي', 'images/products/refrigerators/CF33SP.jpg'),
(1892, 'FA402PXNE', 12, 7, 'الفولاذ المقاوم للصدأ', 'images/products/refrigerators/FA402PXNE.jpg'),
(1893, 'FA402PX', 12, 7, 'الفولاذ المقاوم للصدأ', 'images/products/refrigerators/FA402PX.jpg'),
(1894, 'FC370X3PE', 12, 7, 'الفولاذ المقاوم للصدأ', 'images/products/refrigerators/FC370X3PE.jpg'),
(1895, 'FC3732PXNFE', 12, 7, 'الفولاذ المقاوم للصدأ', 'images/products/refrigerators/FC3732PXNFE.jpg'),
(1896, 'FC450X2PE', 12, 7, 'الفولاذ المقاوم للصدأ', 'images/products/refrigerators/FC450X2PE.jpg'),
(1897, 'FC370X2PE', 12, 7, 'الفولاذ المقاوم للصدأ', 'images/products/refrigerators/FC370X2PE.jpg'),
(1898, 'FC400X2PE', 12, 7, 'الفولاذ المقاوم للصدأ', 'images/products/refrigerators/FC400X2PE.jpg'),
(1899, 'FC213PXNE', 12, 7, 'الفولاذ المقاوم للصدأ', 'images/products/refrigerators/FC213PXNE.jpg'),
(1900, 'FC183PXNE', 12, 7, 'الفولاذ المقاوم للصدأ', 'images/products/refrigerators/FC183PXNE.jpg'),
(1901, 'FC182PXNEM', 12, 7, 'الفولاذ المقاوم للصدأ', 'images/products/refrigerators/FC182PXNEM.jpg'),
(1902, 'FC182PXN', 12, 7, 'الفولاذ المقاوم للصدأ', 'images/products/refrigerators/FC182PXN.jpg'),
(1903, 'FC182PBN', 12, 7, 'أبيض', 'images/products/refrigerators/FC182PBN.jpg'),
(1904, 'FC182PXNE', 12, 7, 'الفولاذ المقاوم للصدأ', 'images/products/refrigerators/FC182PXNE.jpg'),
(1905, 'FC182PSN', 12, 7, 'فضي', 'images/products/refrigerators/FC182PSN.jpg'),
(1906, 'FC182PBNEM', 12, 7, 'أبيض', 'images/products/refrigerators/FC182PBNEM.jpg'),
(1907, 'FC202PXN', 12, 7, 'الفولاذ المقاوم للصدأ', 'images/products/refrigerators/FC202PXN.jpg'),
(1908, 'FC202PBN', 12, 7, 'أبيض', 'images/products/refrigerators/FC202PBN.jpg'),
(1909, 'FC202PXNE', 12, 7, 'الفولاذ المقاوم للصدأ', 'images/products/refrigerators/FC202PXNE.jpg'),
(1910, 'FD602PXNE', 12, 7, 'الفولاذ المقاوم للصدأ', 'images/products/refrigerators/FD602PXNE.jpg'),
(1911, 'FC602PXNE', 12, 7, 'الفولاذ المقاوم للصدأ', 'images/products/refrigerators/FC602PXNE.jpg'),
(1912, 'FD48PXNF4', 12, 7, 'الفولاذ المقاوم للصدأ', 'images/products/refrigerators/FD48PXNF4.jpg'),
(1913, 'FD432PXNFE4', 12, 7, 'الفولاذ المقاوم للصدأ', 'images/products/refrigerators/FD432PXNFE4.jpg'),
(1914, 'FD43PXNF4', 12, 7, 'الفولاذ المقاوم للصدأ', 'images/products/refrigerators/FD43PXNF4.jpg'),
(1915, 'FD43PSNF4', 12, 7, 'فضي', 'images/products/refrigerators/FD43PSNF4.jpg'),
(1916, 'FD32APS1', 12, 7, 'فضي', 'images/products/refrigerators/FD32APS1.jpg'),
(1917, 'FD32AP1', 12, 7, 'أبيض', 'images/products/refrigerators/FD32AP1.jpg'),
(1918, 'FD239AP', 12, 7, 'أبيض', 'images/products/refrigerators/FD239AP.jpg'),
(1919, 'FD239APS', 12, 7, 'فضي', 'images/products/refrigerators/FD239APS.jpg'),
(1920, 'FD260P', 12, 7, 'أبيض', 'images/products/refrigerators/FD260P.jpg'),
(1921, 'RF376RSIX', 7, 7, 'الفولاذ المقاوم للصدأ', 'images/products/refrigerators/RF376RSIX.jpg'),
(1922, 'RF376LSIX', 7, 7, 'الفولاذ المقاوم للصدأ', 'images/products/refrigerators/RF376LSIX.jpg'),
(1923, 'KFAB75CR', 8, 19, 'لون كريمي', 'images/products/hoods/KFAB75CR.jpg'),
(1924, 'KFAB75BL', 8, 19, 'أسود', 'images/products/hoods/KFAB75BL.jpg'),
(1925, 'KDH12WLD', 12, 19, 'أسود', 'images/products/hoods/KDH12WLD.jpg'),
(1926, 'KFAB75WH', 8, 19, 'أبيض', 'images/products/hoods/KFAB75WH.jpg'),
(1927, 'KFAB75RD', 8, 19, 'أحمر', 'images/products/hoods/KFAB75RD.jpg'),
(1928, 'KPF9BL', 2, 19, 'أسود', 'images/products/hoods/KPF9BL.jpg'),
(1929, 'KPF9RD', 2, 19, 'أحمر', 'images/products/hoods/KPF9RD.jpg'),
(1930, 'KPF9AN', 2, 19, 'لون فحم', 'images/products/hoods/KPF9AN.jpg'),
(1931, 'KPF9YW', 2, 19, 'أصفر', 'images/products/hoods/KPF9YW.jpg'),
(1932, 'KPF9X', 2, 19, 'الفولاذ المقاوم للصدأ', 'images/products/hoods/KPF9X.jpg'),
(1933, 'KSVV90NX', 1, 19, 'أسود', 'images/products/hoods/KSVV90NX.jpg'),
(1934, 'KPF9WH', 2, 19, 'أبيض', 'images/products/hoods/KPF9WH.jpg'),
(1935, 'KPF9OR', 2, 19, 'برتقالي', 'images/products/hoods/KPF9OR.jpg'),
(1936, 'KSVV90NRA', 1, 19, 'أسود', 'images/products/hoods/KSVV90NRA.jpg'),
(1937, 'KSIV960XE', 12, 19, 'الفولاذ المقاوم للصدأ', 'images/products/hoods/KSIV960XE.jpg'),
(1938, 'KI905NXE2', 5, 19, 'أسود', 'images/products/hoods/KI905NXE2.jpg'),
(1939, 'KI90CE', 12, 19, 'الفولاذ المقاوم للصدأ', 'images/products/hoods/KI90CE.jpg'),
(1940, 'KS905SXE2', 5, 19, 'الفولاذ المقاوم للصدأ', 'images/products/hoods/KS905SXE2.jpg'),
(1941, 'KIV90XE', 12, 19, 'الفولاذ المقاوم للصدأ', 'images/products/hoods/KIV90XE.jpg'),
(1942, 'KEIV90E', 12, 19, 'الفولاذ المقاوم للصدأ', 'images/products/hoods/KEIV90E.jpg'),
(1943, 'KS905NXE2', 5, 19, 'أسود', 'images/products/hoods/KS905NXE2.jpg'),
(1944, 'KS905BXE2', 5, 19, 'الفولاذ المقاوم للصدأ', 'images/products/hoods/KS905BXE2.jpg'),
(1945, 'KS905NXE', 12, 19, 'أسود', 'images/products/hoods/KS905NXE.jpg'),
(1946, 'KS605SXE2', 5, 19, 'الفولاذ المقاوم للصدأ', 'images/products/hoods/KS605SXE2.jpg'),
(1947, 'KS605NXE2', 5, 19, 'أسود', 'images/products/hoods/KS605NXE2.jpg'),
(1948, 'KS605BXE2', 5, 19, 'الفولاذ المقاوم للصدأ', 'images/products/hoods/KS605BXE2.jpg'),
(1949, 'KS605SXE', 12, 19, 'الفولاذ المقاوم للصدأ', 'images/products/hoods/KS605SXE.jpg'),
(1950, 'KS605NXE', 12, 19, 'أسود', 'images/products/hoods/KS605NXE.jpg'),
(1951, 'KIR37XE', 12, 19, 'الفولاذ المقاوم للصدأ', 'images/products/hoods/KIR37XE.jpg'),
(1952, 'KTS75NCE', 5, 19, 'أسود', 'images/products/hoods/KTS75NCE.jpg'),
(1953, 'KTS75E', 5, 19, 'الفولاذ المقاوم للصدأ', 'images/products/hoods/KTS75E.jpg'),
(1954, 'KTS75SCE2', 5, 19, 'الفولاذ المقاوم للصدأ', 'images/products/hoods/KTS75SCE2.jpg'),
(1955, 'KTS75BCE2', 5, 19, 'الفولاذ المقاوم للصدأ', 'images/products/hoods/KTS75BCE2.jpg'),
(1956, 'KTS75SE2', 5, 19, 'الفولاذ المقاوم للصدأ', 'images/products/hoods/KTS75SE2.jpg'),
(1957, 'KTS75NCE2', 5, 19, 'أسود', 'images/products/hoods/KTS75NCE2.jpg'),
(1958, 'KTS75CE', 5, 19, 'الفولاذ المقاوم للصدأ', 'images/products/hoods/KTS75CE.jpg'),
(1959, 'KS605BXE', 12, 19, 'الفولاذ المقاوم للصدأ', 'images/products/hoods/KS605BXE.jpg'),
(1960, 'KTS75BCE', 5, 19, 'الفولاذ المقاوم للصدأ', 'images/products/hoods/KTS75BCE.jpg'),
(1961, 'KCV9SGE', 5, 19, 'الفولاذ المقاوم للصدأ', 'images/products/hoods/KCV9SGE.jpg'),
(1962, 'KV90XE', 12, 19, 'الفولاذ المقاوم للصدأ', 'images/products/hoods/KV90XE.jpg'),
(1963, 'KCV9SE2', 5, 19, 'الفولاذ المقاوم للصدأ', 'images/products/hoods/KCV9SE2.jpg'),
(1964, 'KCV9NE2', 5, 19, 'أسود', 'images/products/hoods/KCV9NE2.jpg'),
(1965, 'KCV9BE2', 5, 19, 'الفولاذ المقاوم للصدأ', 'images/products/hoods/KCV9BE2.jpg'),
(1966, 'KCV80SE2', 5, 19, 'فضي', 'images/products/hoods/KCV80SE2.jpg'),
(1967, 'KCV9NE', 5, 19, 'أسود', 'images/products/hoods/KCV9NE.jpg'),
(1968, 'KCV9BE', 5, 19, 'الفولاذ المقاوم للصدأ', 'images/products/hoods/KCV9BE.jpg'),
(1969, 'KCV80BE2', 5, 19, 'أبيض', 'images/products/hoods/KCV80BE2.jpg'),
(1970, 'KCV60BE2', 5, 19, 'أبيض', 'images/products/hoods/KCV60BE2.jpg'),
(1971, 'KCV80NE2', 5, 19, 'أسود', 'images/products/hoods/KCV80NE2.jpg'),
(1972, 'KICV90BL', 12, 19, 'أسود', 'images/products/hoods/KICV90BL.jpg'),
(1973, 'KICTIS90BL', 12, 19, 'الفولاذ المقاوم للصدأ', 'images/products/hoods/KICTIS90BL.jpg'),
(1974, 'KCV60SE2', 5, 19, 'فضي', 'images/products/hoods/KCV60SE2.jpg'),
(1975, 'KL190XE', 5, 19, 'الفولاذ المقاوم للصدأ', 'images/products/hoods/KL190XE.jpg'),
(1976, 'KL175XE', 5, 19, 'الفولاذ المقاوم للصدأ', 'images/products/hoods/KL175XE.jpg'),
(1977, 'KCV60NE2', 5, 19, 'أسود', 'images/products/hoods/KCV60NE2.jpg'),
(1978, 'KI90XE', 12, 19, 'الفولاذ المقاوم للصدأ', 'images/products/hoods/KI90XE.jpg'),
(1979, 'KICT90BL', 12, 19, 'أسود', 'images/products/hoods/KICT90BL.jpg'),
(1980, 'KQ45XE', 12, 19, 'الفولاذ المقاوم للصدأ', 'images/products/hoods/KQ45XE.jpg'),
(1981, 'KS912BXE', 12, 19, 'الفولاذ المقاوم للصدأ', 'images/products/hoods/KS912BXE.jpg'),
(1982, 'KQR45BE', 12, 19, 'أبيض', 'images/products/hoods/KQR45BE.jpg'),
(1983, 'K90XE', 12, 19, 'الفولاذ المقاوم للصدأ', 'images/products/hoods/K90XE.jpg'),
(1984, 'KQR45NE', 12, 19, 'أسود', 'images/products/hoods/KQR45NE.jpg'),
(1985, 'KR37XE', 12, 19, 'الفولاذ المقاوم للصدأ', 'images/products/hoods/KR37XE.jpg'),
(1986, 'KS912NXE', 12, 19, 'أسود', 'images/products/hoods/KS912NXE.jpg'),
(1987, 'KS9500XE', 12, 19, 'الفولاذ المقاوم للصدأ', 'images/products/hoods/KS9500XE.jpg'),
(1988, 'KS912XE', 12, 19, 'الفولاذ المقاوم للصدأ', 'images/products/hoods/KS912XE.jpg'),
(1989, 'KS1250XE', 12, 19, 'الفولاذ المقاوم للصدأ', 'images/products/hoods/KS1250XE.jpg'),
(1990, 'KS6500XE', 12, 19, 'الفولاذ المقاوم للصدأ', 'images/products/hoods/KS6500XE.jpg'),
(1991, 'KSE6500X', 12, 19, 'الفولاذ المقاوم للصدأ', 'images/products/hoods/KSE6500X.jpg'),
(1992, 'KAP900HX', 12, 19, 'الفولاذ المقاوم للصدأ', 'images/products/hoods/KAP900HX.jpg'),
(1993, 'KAP900X', 12, 19, 'الفولاذ المقاوم للصدأ', 'images/products/hoods/KAP900X.jpg'),
(1994, 'KS905BXE', 12, 19, 'الفولاذ المقاوم للصدأ', 'images/products/hoods/KS905BXE.jpg'),
(1995, 'KAP800XE', 12, 19, 'الفولاذ المقاوم للصدأ', 'images/products/hoods/KAP800XE.jpg'),
(1996, 'KSA600HXE', 12, 19, 'الفولاذ المقاوم للصدأ', 'images/products/hoods/KSA600HXE.jpg'),
(1997, 'KSA900HXE', 12, 19, 'الفولاذ المقاوم للصدأ', 'images/products/hoods/KSA900HXE.jpg'),
(1998, 'KAP600HX', 12, 19, 'الفولاذ المقاوم للصدأ', 'images/products/hoods/KAP600HX.jpg'),
(1999, 'KATE900EX', 12, 19, 'الفولاذ المقاوم للصدأ', 'images/products/hoods/KATE900EX.jpg'),
(2000, 'KAT600HXE', 12, 19, 'الفولاذ المقاوم للصدأ', 'images/products/hoods/KAT600HXE.jpg'),
(2001, 'KAT900HXE', 12, 19, 'الفولاذ المقاوم للصدأ', 'images/products/hoods/KAT900HXE.jpg'),
(2002, 'KAT1200HXE', 12, 19, 'الفولاذ المقاوم للصدأ', 'images/products/hoods/KAT1200HXE.jpg'),
(2003, 'KAT700HXE', 12, 19, 'الفولاذ المقاوم للصدأ', 'images/products/hoods/KAT700HXE.jpg'),
(2004, 'KATE600EX', 12, 19, 'الفولاذ المقاوم للصدأ', 'images/products/hoods/KATE600EX.jpg'),
(2005, 'KSE61X-1', 12, 19, 'الفولاذ المقاوم للصدأ', 'images/products/hoods/KSE61X-1.jpg'),
(2006, 'KFV92DNE', 12, 19, 'أسود', 'images/products/hoods/KFV92DNE.jpg'),
(2007, 'KI120XE', 12, 19, 'الفولاذ المقاوم للصدأ', 'images/products/hoods/KI120XE.jpg'),
(2008, 'KFV92E', 12, 19, 'الفولاذ المقاوم للصدأ', 'images/products/hoods/KFV92E.jpg'),
(2009, 'KSED92XE', 12, 19, 'الفولاذ المقاوم للصدأ', 'images/products/hoods/KSED92XE.jpg'),
(2010, 'KSED95XE', 12, 19, 'الفولاذ المقاوم للصدأ', 'images/products/hoods/KSED95XE.jpg'),
(2011, 'KFV62DE', 12, 19, 'الفولاذ المقاوم للصدأ', 'images/products/hoods/KFV62DE.jpg'),
(2012, 'KFV62DNE', 12, 19, 'أسود', 'images/products/hoods/KFV62DNE.jpg'),
(2013, 'KFV92DE', 12, 19, 'الفولاذ المقاوم للصدأ', 'images/products/hoods/KFV92DE.jpg'),
(2014, 'KSED72XE', 12, 19, 'الفولاذ المقاوم للصدأ', 'images/products/hoods/KSED72XE.jpg'),
(2015, 'KSED75XE', 12, 19, 'الفولاذ المقاوم للصدأ', 'images/products/hoods/KSED75XE.jpg'),
(2016, 'KSED62XE', 12, 19, 'الفولاذ المقاوم للصدأ', 'images/products/hoods/KSED62XE.jpg'),
(2017, 'KSED65PE', 12, 19, 'لون كريمي', 'images/products/hoods/KSED65PE.jpg'),
(2018, 'KD9XE', 12, 19, 'الفولاذ المقاوم للصدأ', 'images/products/hoods/KD9XE.jpg'),
(2019, 'KD6XE', 12, 19, 'الفولاذ المقاوم للصدأ', 'images/products/hoods/KD6XE.jpg'),
(2020, 'KSED65XE', 12, 19, 'الفولاذ المقاوم للصدأ', 'images/products/hoods/KSED65XE.jpg'),
(2021, 'KC19RAE', 11, 19, 'نحاسي', 'images/products/hoods/KC19RAE.jpg'),
(2022, 'KC19POE', 11, 19, 'لون كريمي', 'images/products/hoods/KC19POE.jpg'),
(2023, 'KC19BSE', 11, 19, 'أبيض', 'images/products/hoods/KC19BSE.jpg'),
(2024, 'KC19AOE', 11, 19, 'لون فحم', 'images/products/hoods/KC19AOE.jpg'),
(2025, 'KC16AOE', 11, 19, 'لون فحم', 'images/products/hoods/KC16AOE.jpg'),
(2026, 'KC16POE', 11, 19, 'لون كريمي', 'images/products/hoods/KC16POE.jpg'),
(2027, 'KCI19POE', 11, 19, 'لون كريمي', 'images/products/hoods/KCI19POE.jpg'),
(2028, 'KTR110XE', 10, 19, 'الفولاذ المقاوم للصدأ', 'images/products/hoods/KTR110XE.jpg'),
(2029, 'KCI19AOE', 11, 19, 'لون فحم', 'images/products/hoods/KCI19AOE.jpg'),
(2030, 'KT110BE', 10, 19, 'أبيض', 'images/products/hoods/KT110BE.jpg'),
(2031, 'KT110BLE', 10, 19, 'أسود', 'images/products/hoods/KT110BLE.jpg'),
(2032, 'KTR90XE', 10, 19, 'الفولاذ المقاوم للصدأ', 'images/products/hoods/KTR90XE.jpg'),
(2033, 'KT110PE', 10, 19, 'لون كريمي', 'images/products/hoods/KT110PE.jpg'),
(2034, 'KT90BLE', 10, 19, 'أسود', 'images/products/hoods/KT90BLE.jpg'),
(2035, 'KT90BE', 10, 19, 'أبيض', 'images/products/hoods/KT90BE.jpg'),
(2036, 'KS89RAE', 3, 19, 'نحاسي', 'images/products/hoods/KS89RAE.jpg'),
(2037, 'KS89AE', 3, 19, 'لون فحم', 'images/products/hoods/KS89AE.jpg'),
(2038, 'KA1VAE', 3, 19, 'لون فحم', 'images/products/hoods/KA1VAE.jpg'),
(2039, 'KT90PE', 10, 19, 'لون كريمي', 'images/products/hoods/KT90PE.jpg'),
(2040, 'KS89AOE', 3, 19, 'لون فحم', 'images/products/hoods/KS89AOE.jpg'),
(2041, 'KS89POE', 3, 19, 'لون كريمي', 'images/products/hoods/KS89POE.jpg'),
(2042, 'KS89PE', 3, 19, 'لون كريمي', 'images/products/hoods/KS89PE.jpg'),
(2043, 'KS59RAE', 3, 19, 'نحاسي', 'images/products/hoods/KS59RAE.jpg'),
(2044, 'KS59AOE', 3, 19, 'لون فحم', 'images/products/hoods/KS59AOE.jpg'),
(2045, 'KS59POE', 3, 19, 'لون كريمي', 'images/products/hoods/KS59POE.jpg'),
(2046, 'KSET91E2', 12, 19, 'فضي', 'images/products/hoods/KSET91E2.jpg'),
(2047, 'KSET61E2', 12, 19, 'فضي', 'images/products/hoods/KSET61E2.jpg'),
(2048, 'KTE90EX', 12, 19, 'الفولاذ المقاوم للصدأ', 'images/products/hoods/KTE90EX.jpg'),
(2049, 'KTE60EX', 12, 19, 'الفولاذ المقاوم للصدأ', 'images/products/hoods/KTE60EX.jpg'),
(2050, 'KDE900EX', 12, 19, 'الفولاذ المقاوم للصدأ', 'images/products/hoods/KDE900EX.jpg'),
(2051, 'KDE600EX', 12, 19, 'الفولاذ المقاوم للصدأ', 'images/products/hoods/KDE600EX.jpg'),
(2052, 'KD150XE', 7, 19, 'الفولاذ المقاوم للصدأ', 'images/products/hoods/KD150XE.jpg'),
(2053, 'KD100HXE', 7, 19, 'الفولاذ المقاوم للصدأ', 'images/products/hoods/KD100HXE.jpg'),
(2054, 'KD120HXE', 7, 19, 'الفولاذ المقاوم للصدأ', 'images/products/hoods/KD120HXE.jpg'),
(2055, 'KD90NE', 7, 19, 'أسود', 'images/products/hoods/KD90NE.jpg'),
(2056, 'KD90HXE', 7, 19, 'الفولاذ المقاوم للصدأ', 'images/products/hoods/KD90HXE.jpg'),
(2057, 'KD70XE', 7, 19, 'الفولاذ المقاوم للصدأ', 'images/products/hoods/KD70XE.jpg'),
(2058, 'KD90HAE', 7, 19, 'لون فحم', 'images/products/hoods/KD90HAE.jpg'),
(2059, 'KSDD90VN-2', 1, 19, 'أسود', 'images/products/hoods/KSDD90VN-2.jpg'),
(2060, 'KD90HNE', 7, 19, 'أسود', 'images/products/hoods/KD90HNE.jpg'),
(2061, 'KDD90VXBE', 12, 19, 'الفولاذ المقاوم للصدأ', 'images/products/hoods/KDD90VXBE.jpg'),
(2062, 'KSC120B', 12, 19, 'أبيض', 'images/products/hoods/KSC120B.jpg'),
(2063, 'KDD90VXNE', 12, 19, 'أسود', 'images/products/hoods/KDD90VXNE.jpg'),
(2064, 'KDD90VXSE', 12, 19, 'فضي', 'images/products/hoods/KDD90VXSE.jpg'),
(2065, 'KDD60VXE-2', 12, 19, 'أسود', 'images/products/hoods/KDD60VXE-2.jpg'),
(2066, 'KSCF120B', 12, 19, 'أبيض', 'images/products/hoods/KSCF120B.jpg'),
(2067, 'KSC90B', 12, 19, 'أبيض', 'images/products/hoods/KSC90B.jpg'),
(2068, 'KSCB90WHE', 12, 19, 'أبيض', 'images/products/hoods/KSCB90WHE.jpg'),
(2069, 'KSEG90XE-2', 12, 19, 'الفولاذ المقاوم للصدأ', 'images/products/hoods/KSEG90XE-2.jpg'),
(2070, 'KSCB90XE', 12, 19, 'الفولاذ المقاوم للصدأ', 'images/products/hoods/KSCB90XE.jpg'),
(2071, 'KSEG120XE-2', 12, 19, 'الفولاذ المقاوم للصدأ', 'images/products/hoods/KSEG120XE-2.jpg'),
(2072, 'KSCF90B', 12, 19, 'أبيض', 'images/products/hoods/KSCF90B.jpg'),
(2073, 'KSEG90VXNE', 12, 19, 'أسود', 'images/products/hoods/KSEG90VXNE.jpg'),
(2074, 'KSEG90VXBE-2', 12, 19, 'الفولاذ المقاوم للصدأ', 'images/products/hoods/KSEG90VXBE-2.jpg'),
(2075, 'KSET66VSE2', 5, 19, 'الفولاذ المقاوم للصدأ', 'images/products/hoods/KSET66VSE2.jpg'),
(2076, 'KSEG90XE', 12, 19, 'الفولاذ المقاوم للصدأ', 'images/products/hoods/KSEG90XE.jpg'),
(2077, 'KSET66VNE2', 5, 19, 'أسود', 'images/products/hoods/KSET66VNE2.jpg'),
(2078, 'KSET66VBE2', 5, 19, 'الفولاذ المقاوم للصدأ', 'images/products/hoods/KSET66VBE2.jpg'),
(2079, 'KSET900HXE', 12, 19, 'الفولاذ المقاوم للصدأ', 'images/products/hoods/KSET900HXE.jpg'),
(2080, 'KSET600XE', 12, 19, 'الفولاذ المقاوم للصدأ', 'images/products/hoods/KSET600XE.jpg'),
(2081, 'KSET900XE', 12, 19, 'الفولاذ المقاوم للصدأ', 'images/products/hoods/KSET900XE.jpg'),
(2082, 'KSET600HXE', 12, 19, 'الفولاذ المقاوم للصدأ', 'images/products/hoods/KSET600HXE.jpg'),
(2083, 'KSET96', 12, 19, 'الفولاذ المقاوم للصدأ', 'images/products/hoods/KSET96.jpg'),
(2084, 'KSET999XE', 12, 19, 'فضي', 'images/products/hoods/KSET999XE.jpg'),
(2085, 'KSET666XE', 12, 19, 'فضي', 'images/products/hoods/KSET666XE.jpg'),
(2086, 'KSEIR92SEP', 12, 19, 'فضي', 'images/products/hoods/KSEIR92SEP.jpg'),
(2087, 'KSEIR62SE2', 12, 19, 'فضي', 'images/products/hoods/KSEIR62SE2.jpg'),
(2088, 'KSEIR62NE2', 12, 19, 'أسود', 'images/products/hoods/KSEIR62NE2.jpg'),
(2089, 'KSEIR92NE2', 12, 19, 'أسود', 'images/products/hoods/KSEIR92NE2.jpg'),
(2090, 'KSEIR92SE2', 12, 19, 'فضي', 'images/products/hoods/KSEIR92SE2.jpg'),
(2091, 'KSEC81XE2', 12, 19, 'الفولاذ المقاوم للصدأ', 'images/products/hoods/KSEC81XE2.jpg'),
(2092, 'KSEIR62BE2', 12, 19, 'أبيض', 'images/products/hoods/KSEIR62BE2.jpg'),
(2093, 'KSEC91XE2', 12, 19, 'الفولاذ المقاوم للصدأ', 'images/products/hoods/KSEC91XE2.jpg'),
(2094, 'KSEIR62SEP', 12, 19, 'فضي', 'images/products/hoods/KSEIR62SEP.jpg'),
(2095, 'KSEC91NE2', 12, 19, 'أسود', 'images/products/hoods/KSEC91NE2.jpg'),
(2096, 'KSEC61NE2', 12, 19, 'أسود', 'images/products/hoods/KSEC61NE2.jpg'),
(2097, 'KSEC91BE2', 12, 19, 'أبيض', 'images/products/hoods/KSEC91BE2.jpg'),
(2098, 'KSEC61BE2', 12, 19, 'أبيض', 'images/products/hoods/KSEC61BE2.jpg'),
(2099, 'KSEC61XE2', 12, 19, 'الفولاذ المقاوم للصدأ', 'images/products/hoods/KSEC61XE2.jpg'),
(2100, 'KSGT74B', 12, 19, 'الفولاذ المقاوم للصدأ', 'images/products/hoods/KSGT74B.jpg'),
(2101, 'KSG74B', 12, 19, 'الفولاذ المقاوم للصدأ', 'images/products/hoods/KSG74B.jpg'),
(2102, 'KSEC66XE', 12, 19, 'الفولاذ المقاوم للصدأ', 'images/products/hoods/KSEC66XE.jpg'),
(2103, 'KSGT56B', 12, 19, 'الفولاذ المقاوم للصدأ', 'images/products/hoods/KSGT56B.jpg'),
(2104, 'KSG52E', 12, 19, 'فضي', 'images/products/hoods/KSG52E.jpg'),
(2105, 'KSG70E', 12, 19, 'فضي', 'images/products/hoods/KSG70E.jpg'),
(2106, 'KSG52B', 12, 19, 'الفولاذ المقاوم للصدأ', 'images/products/hoods/KSG52B.jpg'),
(2107, 'KSG52HE', 12, 19, 'فضي', 'images/products/hoods/KSG52HE.jpg'),
(2108, 'KSG70HE', 12, 19, 'فضي', 'images/products/hoods/KSG70HE.jpg'),
(2109, 'KSEG7XSA', 12, 19, 'الفولاذ المقاوم للصدأ', 'images/products/hoods/KSEG7XSA.jpg'),
(2110, 'KSEG7XE', 12, 19, 'الفولاذ المقاوم للصدأ', 'images/products/hoods/KSEG7XE.jpg'),
(2111, 'KICGR52X', 12, 19, 'الفولاذ المقاوم للصدأ', 'images/products/hoods/KICGR52X.jpg'),
(2112, 'KSEG58PXE', 12, 19, 'الفولاذ المقاوم للصدأ', 'images/products/hoods/KSEG58PXE.jpg'),
(2113, 'KSP120HXE', 12, 19, 'الفولاذ المقاوم للصدأ', 'images/products/hoods/KSP120HXE.jpg'),
(2114, 'KSEG78PXE', 12, 19, 'الفولاذ المقاوم للصدأ', 'images/products/hoods/KSEG78PXE.jpg'),
(2115, 'KI70E', 12, 19, 'فضي', 'images/products/hoods/KI70E.jpg'),
(2116, 'KSEG5XSA', 12, 19, 'الفولاذ المقاوم للصدأ', 'images/products/hoods/KSEG5XSA.jpg'),
(2117, 'KICGR70X', 12, 19, 'الفولاذ المقاوم للصدأ', 'images/products/hoods/KICGR70X.jpg'),
(2118, 'KSP60XE', 12, 19, 'الفولاذ المقاوم للصدأ', 'images/products/hoods/KSP60XE.jpg'),
(2119, 'KSP60HXE', 12, 19, 'الفولاذ المقاوم للصدأ', 'images/products/hoods/KSP60HXE.jpg'),
(2120, 'KSP120XE', 12, 19, 'الفولاذ المقاوم للصدأ', 'images/products/hoods/KSP120XE.jpg'),
(2121, 'KT61NEE', 12, 19, 'أسود', 'images/products/hoods/KT61NEE.jpg'),
(2122, 'KSP90HXE', 12, 19, 'الفولاذ المقاوم للصدأ', 'images/products/hoods/KSP90HXE.jpg'),
(2123, 'KSP90XE', 12, 19, 'الفولاذ المقاوم للصدأ', 'images/products/hoods/KSP90XE.jpg'),
(2124, 'KT91XE', 12, 19, 'أسود', 'images/products/hoods/KT91XE.jpg'),
(2125, 'KE91XE', 12, 19, 'فضي', 'images/products/hoods/KE91XE.jpg'),
(2126, 'KE91NEE', 12, 19, 'أسود', 'images/products/hoods/KE91NEE.jpg'),
(2127, 'KE61NEE', 12, 19, 'أسود', 'images/products/hoods/KE61NEE.jpg'),
(2210, 'STL7235L', 12, 6, 'فضي', 'images/products/dishwashers/STL7235L.jpg'),
(2211, 'STL7231L', 12, 6, 'فضي', 'images/products/dishwashers/STL7231L.jpg'),
(2212, 'STL7233L', 12, 6, 'فضي', 'images/products/dishwashers/STL7233L.jpg'),
(2213, 'STP364S', 12, 6, 'الفولاذ المقاوم للصدأ', 'images/products/dishwashers/STP364S.jpg'),
(2214, 'STL7621L', 12, 6, 'فضي', 'images/products/dishwashers/STL7621L.jpg'),
(2215, 'STP364T', 12, 6, 'الفولاذ المقاوم للصدأ', 'images/products/dishwashers/STP364T.jpg'),
(2216, 'STA7233L', 12, 6, 'فضي', 'images/products/dishwashers/STA7233L.jpg'),
(2217, 'STL7221L', 12, 6, 'فضي', 'images/products/dishwashers/STL7221L.jpg'),
(2218, 'STL7633L', 12, 6, 'فضي', 'images/products/dishwashers/STL7633L.jpg'),
(2219, 'STL825A-2', 12, 6, 'الفولاذ المقاوم للصدأ', 'images/products/dishwashers/STL825A-2.jpg'),
(2220, 'STL7224L', 12, 6, 'فضي', 'images/products/dishwashers/STL7224L.jpg'),
(2221, 'STL865A-1', 12, 6, 'الفولاذ المقاوم للصدأ', 'images/products/dishwashers/STL865A-1.jpg'),
(2222, 'STLA825A-2', 12, 6, 'الفولاذ المقاوم للصدأ', 'images/products/dishwashers/STLA825A-2.jpg'),
(2223, 'STLA825B-2', 12, 6, 'الفولاذ المقاوم للصدأ', 'images/products/dishwashers/STLA825B-2.jpg'),
(2224, 'STL825B-2', 12, 6, 'الفولاذ المقاوم للصدأ', 'images/products/dishwashers/STL825B-2.jpg'),
(2225, 'STLA825A-1', 12, 6, 'الفولاذ المقاوم للصدأ', 'images/products/dishwashers/STLA825A-1.jpg'),
(2226, 'ST867-3', 12, 6, 'فضي', 'images/products/dishwashers/ST867-3.jpg'),
(2227, 'STA6539L3', 12, 6, 'فضي', 'images/products/dishwashers/STA6539L3.jpg'),
(2228, 'STP533L', 12, 6, 'أسود', 'images/products/dishwashers/STP533L.jpg'),
(2229, 'ST3339L', 12, 6, 'أسود', 'images/products/dishwashers/ST3339L.jpg'),
(2230, 'STP523', 12, 6, 'أسود', 'images/products/dishwashers/STP523.jpg'),
(2231, 'STP522', 12, 6, 'أسود', 'images/products/dishwashers/STP522.jpg'),
(2232, 'ST3337L', 12, 6, 'أسود', 'images/products/dishwashers/ST3337L.jpg'),
(2233, 'ST5335L', 12, 6, 'أسود', 'images/products/dishwashers/ST5335L.jpg'),
(2234, 'ST3326L', 12, 6, 'أسود', 'images/products/dishwashers/ST3326L.jpg'),
(2235, 'ST3328L', 12, 6, 'أسود', 'images/products/dishwashers/ST3328L.jpg'),
(2236, 'ST5233', 12, 6, 'أسود', 'images/products/dishwashers/ST5233.jpg'),
(2237, 'ST5324L', 12, 6, 'أسود', 'images/products/dishwashers/ST5324L.jpg'),
(2238, 'STD720-1', 12, 6, 'أسود', 'images/products/dishwashers/STD720-1.jpg'),
(2239, 'ST5222', 12, 6, 'أسود', 'images/products/dishwashers/ST5222.jpg'),
(2240, 'ST5121', 12, 6, 'أسود', 'images/products/dishwashers/ST5121.jpg'),
(2241, 'ST322', 12, 6, 'فضي', 'images/products/dishwashers/ST322.jpg'),
(2242, 'ST321-1', 12, 6, 'فضي', 'images/products/dishwashers/ST321-1.jpg'),
(2243, 'STE531', 12, 6, 'أسود', 'images/products/dishwashers/STE531.jpg'),
(2244, 'PL3326TX', 12, 6, 'الفولاذ المقاوم للصدأ', 'images/products/dishwashers/PL3326TX.jpg'),
(2245, 'STE521', 12, 6, 'أسود', 'images/products/dishwashers/STE521.jpg'),
(2246, 'PL5335X', 12, 6, 'الفولاذ المقاوم للصدأ', 'images/products/dishwashers/PL5335X.jpg'),
(2247, 'PL5335N', 12, 6, 'أسود', 'images/products/dishwashers/PL5335N.jpg'),
(2248, 'PL5222X', 12, 6, 'الفولاذ المقاوم للصدأ', 'images/products/dishwashers/PL5222X.jpg'),
(2249, 'STA4525', 12, 6, 'فضي', 'images/products/dishwashers/STA4525.jpg'),
(2250, 'PL5222N', 12, 6, 'أسود', 'images/products/dishwashers/PL5222N.jpg'),
(2251, 'STA4515', 12, 6, 'فضي', 'images/products/dishwashers/STA4515.jpg'),
(2252, 'STA4505', 12, 6, 'أسود', 'images/products/dishwashers/STA4505.jpg'),
(2253, 'STA4513', 12, 6, 'فضي', 'images/products/dishwashers/STA4513.jpg'),
(2254, 'ST2FABBL', 8, 6, 'أسود', 'images/products/dishwashers/ST2FABBL.jpg'),
(2255, 'PLA4513X', 12, 6, 'الفولاذ المقاوم للصدأ', 'images/products/dishwashers/PLA4513X.jpg'),
(2256, 'PL5222B', 12, 6, 'أبيض', 'images/products/dishwashers/PL5222B.jpg'),
(2257, 'ST2FABWH', 8, 6, 'أبيض', 'images/products/dishwashers/ST2FABWH.jpg'),
(2258, 'LVFABCR', 8, 6, 'لون كريمي', 'images/products/dishwashers/LVFABCR.jpg'),
(2259, 'LVFABBL', 8, 6, 'أسود', 'images/products/dishwashers/LVFABBL.jpg'),
(2260, 'LVFABPB', 8, 6, 'أزرق فاتح', 'images/products/dishwashers/LVFABPB.jpg'),
(2261, 'ST2FABCR', 8, 6, 'لون كريمي', 'images/products/dishwashers/ST2FABCR.jpg'),
(2262, 'ST2FABRD', 8, 6, 'أحمر', 'images/products/dishwashers/ST2FABRD.jpg'),
(2263, 'ST2FABPK', 8, 6, 'وردي', 'images/products/dishwashers/ST2FABPK.jpg'),
(2264, 'LVFABOR', 8, 6, 'برتقالي', 'images/products/dishwashers/LVFABOR.jpg'),
(2265, 'LVFABPK', 8, 6, 'وردي', 'images/products/dishwashers/LVFABPK.jpg'),
(2266, 'LVFABRD', 8, 6, 'أحمر', 'images/products/dishwashers/LVFABRD.jpg'),
(2267, 'LVFABSV', 8, 6, 'فضي', 'images/products/dishwashers/LVFABSV.jpg'),
(2268, 'LVS433PXIT', 12, 6, 'الفولاذ المقاوم للصدأ', 'images/products/dishwashers/LVS433PXIT.jpg'),
(2269, 'LP364XS', 12, 6, 'الفولاذ المقاوم للصدأ', 'images/products/dishwashers/LP364XS.jpg'),
(2270, 'LP364XT', 12, 6, 'الفولاذ المقاوم للصدأ', 'images/products/dishwashers/LP364XT.jpg'),
(2271, 'LVS532XIN', 12, 6, 'الفولاذ المقاوم للصدأ', 'images/products/dishwashers/LVS532XIN.jpg'),
(2272, 'LVS432XIT', 12, 6, 'الفولاذ المقاوم للصدأ', 'images/products/dishwashers/LVS432XIT.jpg'),
(2273, 'LVS533XIN', 12, 6, 'الفولاذ المقاوم للصدأ', 'images/products/dishwashers/LVS533XIN.jpg'),
(2274, 'LVS432NIT', 12, 6, 'أسود', 'images/products/dishwashers/LVS432NIT.jpg'),
(2275, 'LVS432BIT', 12, 6, 'أبيض', 'images/products/dishwashers/LVS432BIT.jpg'),
(2276, 'LVS222BIT', 12, 6, 'أبيض', 'images/products/dishwashers/LVS222BIT.jpg'),
(2277, 'LVS222SXIT', 12, 6, 'فضي', 'images/products/dishwashers/LVS222SXIT.jpg'),
(2278, 'LVS322SIT', 12, 6, 'فضي', 'images/products/dishwashers/LVS322SIT.jpg'),
(2279, 'LVS322PXIT', 12, 6, 'الفولاذ المقاوم للصدأ', 'images/products/dishwashers/LVS322PXIT.jpg'),
(2280, 'LVS112BIT', 12, 6, 'أبيض', 'images/products/dishwashers/LVS112BIT.jpg'),
(2281, 'LVS112SIT', 12, 6, 'فضي', 'images/products/dishwashers/LVS112SIT.jpg'),
(2282, 'LVS322XIT', 12, 6, 'الفولاذ المقاوم للصدأ', 'images/products/dishwashers/LVS322XIT.jpg'),
(2283, 'LVS222NIT', 12, 6, 'أسود', 'images/products/dishwashers/LVS222NIT.jpg'),
(2284, 'LSP433XIT', 12, 6, 'الفولاذ المقاوم للصدأ', 'images/products/dishwashers/LSP433XIT.jpg'),
(2285, 'LSP222XIT', 12, 6, 'الفولاذ المقاوم للصدأ', 'images/products/dishwashers/LSP222XIT.jpg'),
(2286, 'LSP222BIT', 12, 6, 'أبيض', 'images/products/dishwashers/LSP222BIT.jpg'),
(2287, 'LSA4525X', 12, 6, 'الفولاذ المقاوم للصدأ', 'images/products/dishwashers/LSA4525X.jpg'),
(2288, 'LSA4525N', 12, 6, 'أسود', 'images/products/dishwashers/LSA4525N.jpg'),
(2289, 'LSP222NIT', 12, 6, 'أسود', 'images/products/dishwashers/LSP222NIT.jpg'),
(2290, 'LVS43STXIN', 7, 6, 'الفولاذ المقاوم للصدأ', 'images/products/dishwashers/LVS43STXIN.jpg'),
(2291, 'LSA4511B', 12, 6, 'أبيض', 'images/products/dishwashers/LSA4511B.jpg'),
(2297, 'LBB14PK-2', 8, 2, 'وردي', 'images/products/washingmachines/LBB14PK-2.jpg'),
(2298, 'LBB14PB-2', 8, 2, 'أزرق فاتح', 'images/products/washingmachines/LBB14PB-2.jpg'),
(2299, 'LBB14WH-2', 8, 2, 'أبيض', 'images/products/washingmachines/LBB14WH-2.jpg'),
(2300, 'LBB14CR-2', 8, 2, 'لون كريمي', 'images/products/washingmachines/LBB14CR-2.jpg'),
(2301, 'WHT912EIT-1', 13, 2, 'أبيض', 'images/products/washingmachines/WHT912EIT-1.jpg'),
(2302, 'WHT814LSIT-1', 13, 2, 'أبيض', 'images/products/washingmachines/WHT814LSIT-1.jpg'),
(2303, 'WHT812LSIT', 13, 2, 'أبيض', 'images/products/washingmachines/WHT812LSIT.jpg'),
(2304, 'SLB147-2', 13, 2, 'أبيض', 'images/products/washingmachines/SLB147-2.jpg'),
(2305, 'SLB127-2', 13, 2, 'أبيض', 'images/products/washingmachines/SLB127-2.jpg'),
(2306, 'WHT1114LSIT-1', 13, 2, 'أبيض', 'images/products/washingmachines/WHT1114LSIT-1.jpg'),
(2307, 'WHT914LSIT-1', 13, 2, 'أبيض', 'images/products/washingmachines/WHT914LSIT-1.jpg'),
(2308, 'WHT812LIT', 13, 2, 'أبيض', 'images/products/washingmachines/WHT812LIT.jpg'),
(2309, 'WHT812EIT-1', 13, 2, 'أبيض', 'images/products/washingmachines/WHT812EIT-1.jpg'),
(2310, 'WHT72PEIT', 13, 2, 'أبيض', 'images/products/washingmachines/WHT72PEIT.jpg'),
(2311, 'WHT710EIT-1', 13, 2, 'أبيض', 'images/products/washingmachines/WHT710EIT-1.jpg'),
(2312, 'WHT712LIT', 13, 2, 'أبيض', 'images/products/washingmachines/WHT712LIT.jpg'),
(2313, 'WHT712LCIT', 13, 2, 'أبيض', 'images/products/washingmachines/WHT712LCIT.jpg'),
(2314, 'WHT710ECIT', 13, 2, 'أبيض', 'images/products/washingmachines/WHT710ECIT.jpg'),
(2315, 'LBW1012IT', 13, 2, 'أبيض', 'images/products/washingmachines/LBW1012IT.jpg'),
(2316, 'LBW912IT', 13, 2, 'أبيض', 'images/products/washingmachines/LBW912IT.jpg'),
(2317, 'WHT610EIT', 13, 2, 'أبيض', 'images/products/washingmachines/WHT610EIT.jpg'),
(2318, 'LBW810IT3', 13, 2, 'أبيض', 'images/products/washingmachines/LBW810IT3.jpg'),
(2319, 'LBW610CIT3', 13, 2, 'أبيض', 'images/products/washingmachines/LBW610CIT3.jpg'),
(2320, 'LBW362PCIT', 13, 2, 'أبيض', 'images/products/washingmachines/LBW362PCIT.jpg'),
(2321, 'LBW508CIT-2', 13, 2, 'أبيض', 'images/products/washingmachines/LBW508CIT-2.jpg'),
(2322, 'LBW710IT3', 13, 2, 'أبيض', 'images/products/washingmachines/LBW710IT3.jpg'),
(2323, 'LBW610IT3', 13, 2, 'أبيض', 'images/products/washingmachines/LBW610IT3.jpg'),
(2324, 'LBW610IT', 13, 2, 'أبيض', 'images/products/washingmachines/LBW610IT.jpg'),
(2325, 'LBW510CIT-2', 13, 2, 'أبيض', 'images/products/washingmachines/LBW510CIT-2.jpg'),
(2326, 'LBW410CIT', 13, 2, 'أبيض', 'images/products/washingmachines/LBW410CIT.jpg'),
(2327, 'P106ES', 4, 23, 'الفولاذ المقاوم للصدأ', 'images/products/hobs/P106ES.jpg'),
(2328, 'P64ES', 4, 23, 'الفولاذ المقاوم للصدأ', 'images/products/hobs/P64ES.jpg'),
(2329, 'P705ES', 4, 23, 'الفولاذ المقاوم للصدأ', 'images/products/hobs/P705ES.jpg'),
(2330, 'PTV705ES', 4, 23, 'فضي', 'images/products/hobs/PTV705ES.jpg'),
(2331, 'HOBD682R', 1, 23, 'أسود', 'images/products/hobs/HOBD682R.jpg'),
(2332, 'PV695LCNR', 1, 23, 'أسود', 'images/products/hobs/PV695LCNR.jpg'),
(2333, 'PTV64ES', 4, 23, 'فضي', 'images/products/hobs/PTV64ES.jpg'),
(2334, 'HOBD682D', 12, 23, 'أسود', 'images/products/hobs/HOBD682D.jpg'),
(2335, 'PV675CNR', 1, 23, 'أسود', 'images/products/hobs/PV675CNR.jpg'),
(2336, 'PV632CNR', 1, 23, 'أسود', 'images/products/hobs/PV632CNR.jpg'),
(2337, 'PV664LCNR', 1, 23, 'أسود', 'images/products/hobs/PV664LCNR.jpg'),
(2338, 'PV631CNR', 1, 23, 'أسود', 'images/products/hobs/PV631CNR.jpg'),
(2339, 'PV695LCNX', 1, 23, 'أسود', 'images/products/hobs/PV695LCNX.jpg'),
(2340, 'PV675CNX', 1, 23, 'أسود', 'images/products/hobs/PV675CNX.jpg'),
(2341, 'PV664LCNX', 1, 23, 'أسود', 'images/products/hobs/PV664LCNX.jpg'),
(2342, 'PV632CNX', 1, 23, 'أسود', 'images/products/hobs/PV632CNX.jpg'),
(2343, 'PV631CNX', 1, 23, 'أسود', 'images/products/hobs/PV631CNX.jpg'),
(2344, 'PVL6106CN', 1, 23, 'أسود', 'images/products/hobs/PVL6106CN.jpg'),
(2345, 'PVL675LCN', 1, 23, 'أسود', 'images/products/hobs/PVL675LCN.jpg'),
(2346, 'PVL664CN', 1, 23, 'أسود', 'images/products/hobs/PVL664CN.jpg'),
(2347, 'PXL6106', 1, 23, 'الفولاذ المقاوم للصدأ', 'images/products/hobs/PXL6106.jpg'),
(2348, 'PXL675L', 1, 23, 'الفولاذ المقاوم للصدأ', 'images/products/hobs/PXL675L.jpg'),
(2349, 'PXL664', 1, 23, 'الفولاذ المقاوم للصدأ', 'images/products/hobs/PXL664.jpg'),
(2350, 'PV175N2', 5, 23, 'أسود', 'images/products/hobs/PV175N2.jpg'),
(2351, 'PV175S2', 5, 23, 'فضي', 'images/products/hobs/PV175S2.jpg'),
(2352, 'PV175B2', 5, 23, 'أبيض', 'images/products/hobs/PV175B2.jpg'),
(2353, 'PV164S2', 5, 23, 'فضي', 'images/products/hobs/PV164S2.jpg'),
(2354, 'PX175', 5, 23, 'الفولاذ المقاوم للصدأ', 'images/products/hobs/PX175.jpg'),
(2355, 'PV164N2', 5, 23, 'أسود', 'images/products/hobs/PV164N2.jpg'),
(2356, 'PV164B2', 5, 23, 'أبيض', 'images/products/hobs/PV164B2.jpg'),
(2357, 'PX175L', 5, 23, 'الفولاذ المقاوم للصدأ', 'images/products/hobs/PX175L.jpg'),
(2358, 'PX164L', 5, 23, 'الفولاذ المقاوم للصدأ', 'images/products/hobs/PX164L.jpg'),
(2359, 'PX7502', 5, 23, 'الفولاذ المقاوم للصدأ', 'images/products/hobs/PX7502.jpg'),
(2360, 'PX1402', 5, 23, 'الفولاذ المقاوم للصدأ', 'images/products/hobs/PX1402.jpg'),
(2361, 'PV164B-1', 5, 23, 'أبيض', 'images/products/hobs/PV164B-1.jpg'),
(2362, 'PV395LCN', 7, 23, 'أسود', 'images/products/hobs/PV395LCN.jpg'),
(2363, 'PV164S-1', 5, 23, 'فضي', 'images/products/hobs/PV164S-1.jpg'),
(2364, 'P1641X', 5, 23, 'الفولاذ المقاوم للصدأ', 'images/products/hobs/P1641X.jpg'),
(2365, 'PV364LCN', 7, 23, 'أسود', 'images/products/hobs/PV364LCN.jpg'),
(2366, 'PV375CN', 7, 23, 'أسود', 'images/products/hobs/PV375CN.jpg'),
(2367, 'PGF95-4', 7, 23, 'الفولاذ المقاوم للصدأ', 'images/products/hobs/PGF95-4.jpg'),
(2368, 'PGF75-4', 7, 23, 'الفولاذ المقاوم للصدأ', 'images/products/hobs/PGF75-4.jpg'),
(2369, 'PS906-5', 7, 23, 'الفولاذ المقاوم للصدأ', 'images/products/hobs/PS906-5.jpg'),
(2370, 'PGF64-4', 7, 23, 'الفولاذ المقاوم للصدأ', 'images/products/hobs/PGF64-4.jpg'),
(2371, 'PGF96', 7, 23, 'الفولاذ المقاوم للصدأ', 'images/products/hobs/PGF96.jpg'),
(2372, 'PV332CN', 7, 23, 'أسود', 'images/products/hobs/PV332CN.jpg'),
(2373, 'PGF31G-1', 7, 23, 'الفولاذ المقاوم للصدأ', 'images/products/hobs/PGF31G-1.jpg'),
(2374, 'PV331CN', 7, 23, 'أسود', 'images/products/hobs/PV331CN.jpg'),
(2375, 'PGF32I-1', 7, 23, 'الفولاذ المقاوم للصدأ', 'images/products/hobs/PGF32I-1.jpg'),
(2376, 'PGF32G', 7, 23, 'الفولاذ المقاوم للصدأ', 'images/products/hobs/PGF32G.jpg'),
(2377, 'PGF30T-1', 7, 23, 'الفولاذ المقاوم للصدأ', 'images/products/hobs/PGF30T-1.jpg'),
(2378, 'P360XGH', 7, 23, 'الفولاذ المقاوم للصدأ', 'images/products/hobs/P360XGH.jpg'),
(2379, 'PX375', 7, 23, 'الفولاذ المقاوم للصدأ', 'images/products/hobs/PX375.jpg'),
(2380, 'PX375L', 7, 23, 'الفولاذ المقاوم للصدأ', 'images/products/hobs/PX375L.jpg'),
(2381, 'PX364L', 7, 23, 'الفولاذ المقاوم للصدأ', 'images/products/hobs/PX364L.jpg'),
(2382, 'SER60SGH3', 7, 23, 'الفولاذ المقاوم للصدأ', 'images/products/hobs/SER60SGH3.jpg'),
(2383, 'SER60S3', 7, 23, 'الفولاذ المقاوم للصدأ', 'images/products/hobs/SER60S3.jpg'),
(2384, 'SE70SGH-5', 7, 23, 'الفولاذ المقاوم للصدأ', 'images/products/hobs/SE70SGH-5.jpg'),
(2385, 'P261XGH', 9, 23, 'الفولاذ المقاوم للصدأ', 'images/products/hobs/P261XGH.jpg'),
(2386, 'P260XGH', 9, 23, 'الفولاذ المقاوم للصدأ', 'images/products/hobs/P260XGH.jpg'),
(2387, 'P272XGH', 9, 23, 'الفولاذ المقاوم للصدأ', 'images/products/hobs/P272XGH.jpg'),
(2388, 'SR264XGH', 9, 23, 'الفولاذ المقاوم للصدأ', 'images/products/hobs/SR264XGH.jpg'),
(2389, 'SR264XGH2', 9, 23, 'الفولاذ المقاوم للصدأ', 'images/products/hobs/SR264XGH2.jpg'),
(2390, 'SR264X', 9, 23, 'الفولاذ المقاوم للصدأ', 'images/products/hobs/SR264X.jpg'),
(2391, 'SR264AV2', 9, 23, 'لون الشوفان', 'images/products/hobs/SR264AV2.jpg'),
(2392, 'SR264X2', 9, 23, 'الفولاذ المقاوم للصدأ', 'images/products/hobs/SR264X2.jpg'),
(2393, 'S264AV', 9, 23, 'لون الشوفان', 'images/products/hobs/S264AV.jpg'),
(2394, 'S264AV2', 9, 23, 'لون الشوفان', 'images/products/hobs/S264AV2.jpg'),
(2395, 'S264X', 9, 23, 'الفولاذ المقاوم للصدأ', 'images/products/hobs/S264X.jpg'),
(2396, 'S264X2', 9, 23, 'الفولاذ المقاوم للصدأ', 'images/products/hobs/S264X2.jpg'),
(2397, 'SR275X2', 9, 23, 'الفولاذ المقاوم للصدأ', 'images/products/hobs/SR275X2.jpg'),
(2398, 'SR275XGH2', 9, 23, 'الفولاذ المقاوم للصدأ', 'images/products/hobs/SR275XGH2.jpg'),
(2399, 'SR275X', 9, 23, 'الفولاذ المقاوم للصدأ', 'images/products/hobs/SR275X.jpg'),
(2400, 'SR275AV', 9, 23, 'لون الشوفان', 'images/products/hobs/SR275AV.jpg'),
(2401, 'SR275AV2', 9, 23, 'لون الشوفان', 'images/products/hobs/SR275AV2.jpg'),
(2402, 'S64SAV', 9, 23, 'لون الشوفان', 'images/products/hobs/S64SAV.jpg'),
(2403, 'S64SN', 9, 23, 'أسود', 'images/products/hobs/S64SN.jpg'),
(2404, 'S64SB', 9, 23, 'أبيض', 'images/products/hobs/S64SB.jpg'),
(2405, 'SR64S', 9, 23, 'الفولاذ المقاوم للصدأ', 'images/products/hobs/SR64S.jpg'),
(2406, 'S64S', 9, 23, 'الفولاذ المقاوم للصدأ', 'images/products/hobs/S64S.jpg'),
(2407, 'SE435X', 7, 23, 'الفولاذ المقاوم للصدأ', 'images/products/hobs/SE435X.jpg'),
(2408, 'SE435S', 9, 23, 'الفولاذ المقاوم للصدأ', 'images/products/hobs/SE435S.jpg'),
(2409, 'S232XC-1', 9, 23, 'الفولاذ المقاوم للصدأ', 'images/products/hobs/S232XC-1.jpg'),
(2410, 'SR964PGH', 10, 23, 'لون كريمي', 'images/products/hobs/SR964PGH.jpg');
INSERT INTO `products` (`product_id`, `name`, `line_id`, `sub_cat_id`, `color`, `img_url`) VALUES
(2411, 'SR964NGH', 10, 23, 'أسود', 'images/products/hobs/SR964NGH.jpg'),
(2412, 'SR964XGH', 10, 23, 'الفولاذ المقاوم للصدأ', 'images/products/hobs/SR964XGH.jpg'),
(2413, 'SR975BGH', 10, 23, 'أبيض', 'images/products/hobs/SR975BGH.jpg'),
(2414, 'SR964BGH', 10, 23, 'أبيض', 'images/products/hobs/SR964BGH.jpg'),
(2415, 'SR975PGH', 10, 23, 'لون كريمي', 'images/products/hobs/SR975PGH.jpg'),
(2416, 'SR975NGH', 10, 23, 'أسود', 'images/products/hobs/SR975NGH.jpg'),
(2417, 'SR975XGH', 10, 23, 'الفولاذ المقاوم للصدأ', 'images/products/hobs/SR975XGH.jpg'),
(2418, 'SR764AS', 11, 23, 'لون فحم', 'images/products/hobs/SR764AS.jpg'),
(2419, 'SR764PS', 11, 23, 'لون كريمي', 'images/products/hobs/SR764PS.jpg'),
(2420, 'SR764BS', 11, 23, 'أبيض', 'images/products/hobs/SR764BS.jpg'),
(2421, 'SR764RA', 11, 23, 'نحاسي', 'images/products/hobs/SR764RA.jpg'),
(2422, 'SR764PX', 11, 23, 'لون كريمي', 'images/products/hobs/SR764PX.jpg'),
(2423, 'SR764AO', 11, 23, 'لون فحم', 'images/products/hobs/SR764AO.jpg'),
(2424, 'SR775AO', 11, 23, 'لون فحم', 'images/products/hobs/SR775AO.jpg'),
(2425, 'SR764PO', 11, 23, 'لون كريمي', 'images/products/hobs/SR764PO.jpg'),
(2426, 'SR775AS', 11, 23, 'لون فحم', 'images/products/hobs/SR775AS.jpg'),
(2427, 'SR775PX', 11, 23, 'لون كريمي', 'images/products/hobs/SR775PX.jpg'),
(2428, 'SR775RA', 11, 23, 'نحاسي', 'images/products/hobs/SR775RA.jpg'),
(2429, 'SR775BS', 11, 23, 'أبيض', 'images/products/hobs/SR775BS.jpg'),
(2430, 'SRV864AOGH', 3, 23, 'لون فحم', 'images/products/hobs/SRV864AOGH.jpg'),
(2431, 'SR775PO', 11, 23, 'لون كريمي', 'images/products/hobs/SR775PO.jpg'),
(2432, 'SRV864RAGH', 3, 23, 'نحاسي', 'images/products/hobs/SRV864RAGH.jpg'),
(2433, 'SRV864POGH', 3, 23, 'لون كريمي', 'images/products/hobs/SRV864POGH.jpg'),
(2434, 'SRV864AVOGH2', 3, 23, 'لون الشوفان', 'images/products/hobs/SRV864AVOGH2.jpg'),
(2435, 'SRV876AOGH', 3, 23, 'لون فحم', 'images/products/hobs/SRV876AOGH.jpg'),
(2436, 'SRV876AVOGH2', 3, 23, 'لون الشوفان', 'images/products/hobs/SRV876AVOGH2.jpg'),
(2437, 'SRV876POGH', 3, 23, 'لون كريمي', 'images/products/hobs/SRV876POGH.jpg'),
(2438, 'SRV896AOGH', 3, 23, 'لون فحم', 'images/products/hobs/SRV896AOGH.jpg'),
(2439, 'SRV876RAGH', 3, 23, 'نحاسي', 'images/products/hobs/SRV876RAGH.jpg'),
(2440, 'SRV896POGH', 3, 23, 'لون كريمي', 'images/products/hobs/SRV896POGH.jpg'),
(2441, 'SI764AOM', 11, 23, 'لون فحم', 'images/products/hobs/SI764AOM.jpg'),
(2442, 'SI764POM', 11, 23, 'لون كريمي', 'images/products/hobs/SI764POM.jpg'),
(2443, 'SRV896AVOGH2', 3, 23, 'لون الشوفان', 'images/products/hobs/SRV896AVOGH2.jpg'),
(2444, 'SI364FXM', 7, 23, 'الفولاذ المقاوم للصدأ', 'images/products/hobs/SI364FXM.jpg'),
(2445, 'SIM662WLDX', 1, 23, 'أسود', 'images/products/hobs/SIM662WLDX.jpg'),
(2446, 'SIM1963DS', 5, 23, 'فضي', 'images/products/hobs/SIM1963DS.jpg'),
(2447, 'SIM693WLDR', 1, 23, 'أسود', 'images/products/hobs/SIM693WLDR.jpg'),
(2448, 'SIM631WLDX', 1, 23, 'أسود', 'images/products/hobs/SIM631WLDX.jpg'),
(2449, 'SIM693WLDX', 1, 23, 'أسود', 'images/products/hobs/SIM693WLDX.jpg'),
(2450, 'SIM662WLDR', 1, 23, 'أسود', 'images/products/hobs/SIM662WLDR.jpg'),
(2451, 'PM6621WLDX', 1, 23, 'أسود', 'images/products/hobs/PM6621WLDX.jpg'),
(2452, 'SIM631WLDR', 1, 23, 'أسود', 'images/products/hobs/SIM631WLDR.jpg'),
(2453, 'PM6621WLDR', 1, 23, 'أسود', 'images/products/hobs/PM6621WLDR.jpg'),
(2454, 'PM6721WLDX', 1, 23, 'أسود', 'images/products/hobs/PM6721WLDX.jpg'),
(2455, 'PM6721WLDR', 1, 23, 'أسود', 'images/products/hobs/PM6721WLDR.jpg'),
(2456, 'PM6912WLDX', 1, 23, 'أسود', 'images/products/hobs/PM6912WLDX.jpg'),
(2457, 'PM6912WLDR', 1, 23, 'أسود', 'images/products/hobs/PM6912WLDR.jpg'),
(2458, 'SI2M7643B', 12, 23, 'أسود', 'images/products/hobs/SI2M7643B.jpg'),
(2459, 'SIH7933B', 12, 23, 'أسود', 'images/products/hobs/SIH7933B.jpg'),
(2460, 'SIM561B', 12, 23, 'أسود', 'images/products/hobs/SIM561B.jpg'),
(2461, 'SI1M7743B', 12, 23, 'أسود', 'images/products/hobs/SI1M7743B.jpg'),
(2462, 'SI1F7845B', 12, 23, 'أسود', 'images/products/hobs/SI1F7845B.jpg'),
(2463, 'SI1M7643B', 12, 23, 'أسود', 'images/products/hobs/SI1M7643B.jpg'),
(2464, 'SIH5935B', 12, 23, 'أسود', 'images/products/hobs/SIH5935B.jpg'),
(2465, 'SI264DM', 9, 23, 'أسود', 'images/products/hobs/SI264DM.jpg'),
(2466, 'SI1F7955B', 12, 23, 'أسود', 'images/products/hobs/SI1F7955B.jpg'),
(2467, 'SI1M7733B', 12, 23, 'أسود', 'images/products/hobs/SI1M7733B.jpg'),
(2468, 'SI1F7645B', 12, 23, 'أسود', 'images/products/hobs/SI1F7645B.jpg'),
(2469, 'SI2M7643D', 12, 23, 'أسود', 'images/products/hobs/SI2M7643D.jpg'),
(2470, 'SI2M7643DW', 12, 23, 'أبيض', 'images/products/hobs/SI2M7643DW.jpg'),
(2471, 'SI2M7643FX', 12, 23, 'أسود', 'images/products/hobs/SI2M7643FX.jpg'),
(2472, 'SI3842B', 12, 23, 'أسود', 'images/products/hobs/SI3842B.jpg'),
(2473, 'SI2M7953D', 12, 23, 'أسود', 'images/products/hobs/SI2M7953D.jpg'),
(2474, 'SI7844B', 12, 23, 'أسود', 'images/products/hobs/SI7844B.jpg'),
(2475, 'SI2M7953DW', 12, 23, 'أبيض', 'images/products/hobs/SI2M7953DW.jpg'),
(2476, 'SI7643B', 12, 23, 'أسود', 'images/products/hobs/SI7643B.jpg'),
(2477, 'SI5642D', 12, 23, 'أسود', 'images/products/hobs/SI5642D.jpg'),
(2478, 'SI5952B', 12, 23, 'أسود', 'images/products/hobs/SI5952B.jpg'),
(2479, 'SI7633B', 12, 23, 'أسود', 'images/products/hobs/SI7633B.jpg'),
(2480, 'SI5322B', 12, 23, 'أسود', 'images/products/hobs/SI5322B.jpg'),
(2481, 'SE364TD', 12, 23, 'أسود', 'images/products/hobs/SE364TD.jpg'),
(2482, 'SI5632D', 12, 23, 'أسود', 'images/products/hobs/SI5632D.jpg'),
(2483, 'SI5741D', 12, 23, 'أسود', 'images/products/hobs/SI5741D.jpg'),
(2484, 'A2-81', 7, 24, 'الفولاذ المقاوم للصدأ', 'images/products/cookers/A2-81.jpg'),
(2485, 'A5-81', 7, 24, 'الفولاذ المقاوم للصدأ', 'images/products/cookers/A5-81.jpg'),
(2486, 'A1-9', 7, 24, 'الفولاذ المقاوم للصدأ', 'images/products/cookers/A1-9.jpg'),
(2487, 'A4BL-81', 7, 24, 'أسود', 'images/products/cookers/A4BL-81.jpg'),
(2488, 'CS19A-7', 7, 24, 'لون فحم', 'images/products/cookers/CS19A-7.jpg'),
(2489, 'A4-81', 7, 24, 'الفولاذ المقاوم للصدأ', 'images/products/cookers/A4-81.jpg'),
(2490, 'A2BL-81', 7, 24, 'أسود', 'images/products/cookers/A2BL-81.jpg'),
(2491, 'A3-81', 7, 24, 'الفولاذ المقاوم للصدأ', 'images/products/cookers/A3-81.jpg'),
(2492, 'A1A-9', 7, 24, 'لون فحم', 'images/products/cookers/A1A-9.jpg'),
(2493, 'A1BL-9', 7, 24, 'أسود', 'images/products/cookers/A1BL-9.jpg'),
(2494, 'BG91IX9-1', 7, 24, 'الفولاذ المقاوم للصدأ', 'images/products/cookers/BG91IX9-1.jpg'),
(2495, 'SX91SV9', 7, 24, 'الفولاذ المقاوم للصدأ', 'images/products/cookers/SX91SV9.jpg'),
(2496, 'C6IMXI9', 7, 24, 'الفولاذ المقاوم للصدأ', 'images/products/cookers/C6IMXI9.jpg'),
(2497, 'SX91MDS9', 7, 24, 'الفولاذ المقاوم للصدأ', 'images/products/cookers/SX91MDS9.jpg'),
(2498, 'CX68MDS8', 7, 24, 'الفولاذ المقاوم للصدأ', 'images/products/cookers/CX68MDS8.jpg'),
(2499, 'CX68CM8', 7, 24, 'الفولاذ المقاوم للصدأ', 'images/products/cookers/CX68CM8.jpg'),
(2500, 'CX68M8-1', 7, 24, 'الفولاذ المقاوم للصدأ', 'images/products/cookers/CX68M8-1.jpg'),
(2501, 'CX68MF8-2', 7, 24, 'الفولاذ المقاوم للصدأ', 'images/products/cookers/CX68MF8-2.jpg'),
(2502, 'CPF120IGMPX', 2, 24, 'الفولاذ المقاوم للصدأ', 'images/products/cookers/CPF120IGMPX.jpg'),
(2503, 'CPF120IGMPWH', 2, 24, 'أبيض', 'images/products/cookers/CPF120IGMPWH.jpg'),
(2504, 'CPF120IGMPBL', 2, 24, 'أسود', 'images/products/cookers/CPF120IGMPBL.jpg'),
(2505, 'CPF9GMWH', 2, 24, 'أبيض', 'images/products/cookers/CPF9GMWH.jpg'),
(2506, 'CPF9GMR', 2, 24, 'أحمر', 'images/products/cookers/CPF9GMR.jpg'),
(2507, 'CPF9GMOR', 2, 24, 'برتقالي', 'images/products/cookers/CPF9GMOR.jpg'),
(2508, 'CPF9GMBL', 2, 24, 'أسود', 'images/products/cookers/CPF9GMBL.jpg'),
(2509, 'CPF9GMAN', 2, 24, 'لون فحم', 'images/products/cookers/CPF9GMAN.jpg'),
(2510, 'CPF9GMYW', 2, 24, 'أصفر', 'images/products/cookers/CPF9GMYW.jpg'),
(2511, 'CPF120IGMPR', 2, 24, 'أحمر', 'images/products/cookers/CPF120IGMPR.jpg'),
(2512, 'CPF9GPBL', 2, 24, 'أسود', 'images/products/cookers/CPF9GPBL.jpg'),
(2513, 'CPF9GMX', 2, 24, 'الفولاذ المقاوم للصدأ', 'images/products/cookers/CPF9GMX.jpg'),
(2514, 'CPF9GPAN', 2, 24, 'لون فحم', 'images/products/cookers/CPF9GPAN.jpg'),
(2515, 'CPF9GPOR', 2, 24, 'برتقالي', 'images/products/cookers/CPF9GPOR.jpg'),
(2516, 'CPF9GPR', 2, 24, 'أحمر', 'images/products/cookers/CPF9GPR.jpg'),
(2517, 'CPF9GPWH', 2, 24, 'أبيض', 'images/products/cookers/CPF9GPWH.jpg'),
(2518, 'CPF9GPX', 2, 24, 'الفولاذ المقاوم للصدأ', 'images/products/cookers/CPF9GPX.jpg'),
(2519, 'CPF9GPYW', 2, 24, 'أصفر', 'images/products/cookers/CPF9GPYW.jpg'),
(2520, 'CPF9IPAN', 2, 24, 'لون فحم', 'images/products/cookers/CPF9IPAN.jpg'),
(2521, 'CPF9IPX', 2, 24, 'الفولاذ المقاوم للصدأ', 'images/products/cookers/CPF9IPX.jpg'),
(2522, 'CPF9IPYW', 2, 24, 'أصفر', 'images/products/cookers/CPF9IPYW.jpg'),
(2523, 'CPF9IPR', 2, 24, 'أحمر', 'images/products/cookers/CPF9IPR.jpg'),
(2524, 'CPF9IPWH', 2, 24, 'أبيض', 'images/products/cookers/CPF9IPWH.jpg'),
(2525, 'CPF9IPBL', 2, 24, 'أسود', 'images/products/cookers/CPF9IPBL.jpg'),
(2526, 'CPF9IPOR', 2, 24, 'برتقالي', 'images/products/cookers/CPF9IPOR.jpg'),
(2527, 'TR4110IP', 10, 24, 'لون كريمي', 'images/products/cookers/TR4110IP.jpg'),
(2528, 'TR4110IBL', 10, 24, 'أسود', 'images/products/cookers/TR4110IBL.jpg'),
(2529, 'TR4110IWH', 10, 24, 'أبيض', 'images/products/cookers/TR4110IWH.jpg'),
(2530, 'TR4110IX', 10, 24, 'الفولاذ المقاوم للصدأ', 'images/products/cookers/TR4110IX.jpg'),
(2531, 'TR4110X', 10, 24, 'الفولاذ المقاوم للصدأ', 'images/products/cookers/TR4110X.jpg'),
(2532, 'TR4110BL1', 10, 24, 'أسود', 'images/products/cookers/TR4110BL1.jpg'),
(2533, 'TR4110P1', 10, 24, 'لون كريمي', 'images/products/cookers/TR4110P1.jpg'),
(2534, 'TR4110AZ', 10, 24, 'أزرق فاتح', 'images/products/cookers/TR4110AZ.jpg'),
(2535, 'TR93X', 10, 24, 'الفولاذ المقاوم للصدأ', 'images/products/cookers/TR93X.jpg'),
(2536, 'TR93BL', 10, 24, 'أسود', 'images/products/cookers/TR93BL.jpg'),
(2537, 'TR93P', 10, 24, 'لون كريمي', 'images/products/cookers/TR93P.jpg'),
(2538, 'TR93IP', 10, 24, 'لون كريمي', 'images/products/cookers/TR93IP.jpg'),
(2539, 'TR93IX', 10, 24, 'الفولاذ المقاوم للصدأ', 'images/products/cookers/TR93IX.jpg'),
(2540, 'TR93IBL', 10, 24, 'أسود', 'images/products/cookers/TR93IBL.jpg'),
(2541, 'TR90X9', 10, 24, 'الفولاذ المقاوم للصدأ', 'images/products/cookers/TR90X9.jpg'),
(2542, 'TR90P9', 10, 24, 'لون كريمي', 'images/products/cookers/TR90P9.jpg'),
(2543, 'TR90BL9', 10, 24, 'أسود', 'images/products/cookers/TR90BL9.jpg'),
(2544, 'TR90IP9', 10, 24, 'لون كريمي', 'images/products/cookers/TR90IP9.jpg'),
(2545, 'TR90IX9', 10, 24, 'الفولاذ المقاوم للصدأ', 'images/products/cookers/TR90IX9.jpg'),
(2546, 'TR90IBL9', 10, 24, 'أسود', 'images/products/cookers/TR90IBL9.jpg'),
(2547, 'CO68GMP9', 3, 24, 'لون كريمي', 'images/products/cookers/CO68GMP9.jpg'),
(2548, 'CO68GMA8', 3, 24, 'لون فحم', 'images/products/cookers/CO68GMA8.jpg'),
(2549, 'A3-81', 7, 24, 'الفولاذ المقاوم للصدأ', 'images/products/cookers/A3-81.jpg'),
(2550, 'A2-81', 7, 24, 'الفولاذ المقاوم للصدأ', 'images/products/cookers/A2-81.jpg'),
(2551, 'CS19A-7', 7, 24, 'لون فحم', 'images/products/cookers/CS19A-7.jpg'),
(2552, 'A4-81', 7, 24, 'الفولاذ المقاوم للصدأ', 'images/products/cookers/A4-81.jpg'),
(2553, 'A4BL-81', 7, 24, 'أسود', 'images/products/cookers/A4BL-81.jpg'),
(2554, 'A1A-9', 7, 24, 'لون فحم', 'images/products/cookers/A1A-9.jpg'),
(2555, 'A5-81', 7, 24, 'الفولاذ المقاوم للصدأ', 'images/products/cookers/A5-81.jpg'),
(2556, 'A2BL-81', 7, 24, 'أسود', 'images/products/cookers/A2BL-81.jpg'),
(2557, 'A1-9', 7, 24, 'الفولاذ المقاوم للصدأ', 'images/products/cookers/A1-9.jpg'),
(2558, 'A1BL-9', 7, 24, 'أسود', 'images/products/cookers/A1BL-9.jpg'),
(2559, 'BG91IX9-1', 7, 24, 'الفولاذ المقاوم للصدأ', 'images/products/cookers/BG91IX9-1.jpg'),
(2560, 'C6IMXI9', 7, 24, 'الفولاذ المقاوم للصدأ', 'images/products/cookers/C6IMXI9.jpg'),
(2561, 'SX91MDS9', 7, 24, 'الفولاذ المقاوم للصدأ', 'images/products/cookers/SX91MDS9.jpg'),
(2562, 'SX91SV9', 7, 24, 'الفولاذ المقاوم للصدأ', 'images/products/cookers/SX91SV9.jpg'),
(2563, 'CX68MDS8', 7, 24, 'الفولاذ المقاوم للصدأ', 'images/products/cookers/CX68MDS8.jpg'),
(2564, 'CX68CM8', 7, 24, 'الفولاذ المقاوم للصدأ', 'images/products/cookers/CX68CM8.jpg'),
(2565, 'CX68M8-1', 7, 24, 'الفولاذ المقاوم للصدأ', 'images/products/cookers/CX68M8-1.jpg'),
(2566, 'CX68MF8-2', 7, 24, 'الفولاذ المقاوم للصدأ', 'images/products/cookers/CX68MF8-2.jpg');

-- --------------------------------------------------------

--
-- Table structure for table `sub_cat`
--

CREATE TABLE `sub_cat` (
  `main_cat_id` int(20) NOT NULL,
  `name` varchar(50) NOT NULL,
  `en_name` varchar(60) NOT NULL,
  `cat_desc` varchar(600) NOT NULL,
  `sub_cat_id` int(20) NOT NULL
) ENGINE=InnoDB DEFAULT CHARSET=utf8;

--
-- Dumping data for table `sub_cat`
--

INSERT INTO `sub_cat` (`main_cat_id`, `name`, `en_name`, `cat_desc`, `sub_cat_id`) VALUES
(1, 'أفران', 'oven', 'تقدم Smeg مجموعة واسعة من الأفران المدمجة ، المصممة والمنتجة في إيطاليا ، مع العديد من الوظائف المثالية لأي نوع من المأكولات ، من البيتزا إلى الحلويات الأكثر دقة. تختلف في الحجم والتشطيب ، وهي متوفرة بثمانية أشكال جمالية حصرية يمكن تنسيقها مع أجهزة Smeg المدمجة الأخرى: المواقد ، والشفاطات ، وآلات القهوة ، والأدراج ، و المبردات.', 1),
(1, 'غسالات ملابس', 'washer', 'تقدم Smeg مجموعة واسعة من الغسالات القائمة بذاتها والمدمجة.', 2),
(2, 'الخلاطات', 'blenders', 'تمزج خلاطات Smeg بشكل مثالي بين المكونات المختلفة القوام إلى الكمال لترافقك طوال اليوم.', 3),
(1, 'أفران الميكروويف', 'microwave-oven', 'تتوفر أفران الميكروويف Smeg في عدد من التصميمات المختلفة التي تم إنشاؤها للحفاظ على المبادئ الجمالية لمجموعة المنتجات.', 4),
(1, 'ماكينات صنع القهوة', 'coffee-machines', 'يمكن لآلة صنع القهوة المدمجة Smeg ، في الواقع ، استخدام كل من البن المطحون وأقراص القهوة ، مما يسمح لعشاق القهوة الإيطالية باختيار التحميص المفضل لديهم والحصول على طعم ورائحة شريط الإسبريسو الحقيقيين.', 5),
(1, 'غسالات أطباق', 'dishwashers', 'تعتبر غسالات الأطباق القائمة بذاتها أو المدمجة من Smeg الطريقة المثالية لإكمال مطبخك بأناقة.', 6),
(1, 'ثلاجات', 'refrigerators', 'تقدم Smeg مجموعة مذهلة من الثلاجات ، مصممة لتبدو رائعة وتحافظ على طعامك طازجًا ومشروباتك باردة.', 7),
(2, 'محمصات التوست', 'toasters', 'تجمع محمصة Smeg بين بيئة العمل والوظائف والتوازن الجمالي. الإفطار أو الغداء أو الغداء أو الوجبة الخفيفة - عندما تقع في حب محمصة SMEG 50\'s Style ، ستجد كل الأعذار المتاحة لاستخدامها.', 8),
(2, 'غلايات', 'kettles', 'تتميز غلايات Smeg بالسرعة والأمان والموثوقية ، وهي توفر هيكلًا من الفولاذ المقاوم للصدأ ، وسعة كبيرة تبلغ 1.7 لترًا وقاعدة لاسلكية مما يجعلها أكثر عملية وعملية حيث يمكن إعادة وضعها حسب الرغبة.', 9),
(2, 'الخلاطات اليدوية', 'hand-blenders', 'صُمم الخلاط اليدوي Smeg ليكون متينًا وعمليًا ومفيدًا بمقبضه العملي المريح والمقاوم للانزلاق ، وهو جهاز منزلي لا غنى عنه للطهي بسرعة وذكاء', 10),
(2, 'خلاطات بقاعدة', 'stand-mixers', 'خلاطات ستاند Smeg ، التي تتميز بخطوط منحنية وألوان نابضة بالحياة تعكس روحك الإبداعية وشغفك بالطهي ، هي حليفك المثالي في المطبخ.', 11),
(2, 'آلات رغوة الحليب', 'milk-frothers', 'يعتبر جهاز إزباد الحليب Smeg\'s مثاليًا للكابتشينو واللاتيه ماكياتو والأبيض المسطح بالإضافة إلى تحضير المشروبات الفورية مثل الشوكولاتة الساخنة.', 12),
(1, 'مجمدات', 'freezers', 'طورت Smeg مجموعة واسعة من المجمدات ، مدمجة أو طرز قائمة بذاتها، بتصميم معاصر، وأدراج صلبة وسعة كبيرة.', 18),
(1, 'شفاطات', 'hoods', 'تعكس شفاطات Smeg أناقة وأسلوب المطبخ من حولها لأنها تجمع بين جودة التصميم وأفضل المواد.', 19),
(1, 'درج مدمج', 'Built-in-drawers', 'أدراج Smeg ذكية وفعالة ومتعددة الأغراض. تم تصميم أدراج Smeg المدمجة بشكل مثالي وفقًا لمتطلباتك، وهي الإضافة المثالية لأجهزة Smeg المدمجة.', 20),
(1, 'أحواض الغسيل', 'sinks', 'أحواض Smeg لديها أفضل تجهيزات المطبخ من حيث الأناقة. مدمج في مطبخك، يصبح الحوض جزءًا لا يتجزأ من مساحة العمل حيث تمتزج الوظائف مع جماليات التصميم التي لا تخطئها العين.', 21),
(1, 'مواقد', 'hobs', 'تجمع مواقد Smeg بين المواد عالية الجودة والتكنولوجيا المتطورة. متوفر بأشكال وأحجام مختلفة وطرق طهي مختلفة لتتناسب مع جماليات فرنك.', 23),
(1, 'أفران مع موقد', 'cookers', 'مستوحى من أفران الطهي التي يستخدمها أعظم الطهاة في العالم.', 24);

--
-- Indexes for dumped tables
--

--
-- Indexes for table `admins`
--
ALTER TABLE `admins`
  ADD PRIMARY KEY (`id`);

--
-- Indexes for table `aes_lines`
--
ALTER TABLE `aes_lines`
  ADD PRIMARY KEY (`id`);

--
-- Indexes for table `main_cat`
--
ALTER TABLE `main_cat`
  ADD PRIMARY KEY (`id`);

--
-- Indexes for table `products`
--
ALTER TABLE `products`
  ADD PRIMARY KEY (`product_id`),
  ADD KEY `sub_cat_id_fk` (`sub_cat_id`),
  ADD KEY `line_id_fk` (`line_id`);

--
-- Indexes for table `sub_cat`
--
ALTER TABLE `sub_cat`
  ADD PRIMARY KEY (`sub_cat_id`),
  ADD KEY `main_cats_id_fk` (`main_cat_id`);

--
-- AUTO_INCREMENT for dumped tables
--

--
-- AUTO_INCREMENT for table `admins`
--
ALTER TABLE `admins`
  MODIFY `id` int(10) NOT NULL AUTO_INCREMENT, AUTO_INCREMENT=3;

--
-- AUTO_INCREMENT for table `aes_lines`
--
ALTER TABLE `aes_lines`
  MODIFY `id` int(20) NOT NULL AUTO_INCREMENT, AUTO_INCREMENT=14;

--
-- AUTO_INCREMENT for table `main_cat`
--
ALTER TABLE `main_cat`
  MODIFY `id` int(10) NOT NULL AUTO_INCREMENT, AUTO_INCREMENT=3;

--
-- AUTO_INCREMENT for table `products`
--
ALTER TABLE `products`
  MODIFY `product_id` int(50) NOT NULL AUTO_INCREMENT, AUTO_INCREMENT=2567;

--
-- AUTO_INCREMENT for table `sub_cat`
--
ALTER TABLE `sub_cat`
  MODIFY `sub_cat_id` int(20) NOT NULL AUTO_INCREMENT, AUTO_INCREMENT=25;

--
-- Constraints for dumped tables
--

--
-- Constraints for table `products`
--
ALTER TABLE `products`
  ADD CONSTRAINT `line_id_fk` FOREIGN KEY (`line_id`) REFERENCES `aes_lines` (`id`),
  ADD CONSTRAINT `sub_cat_id_fk` FOREIGN KEY (`sub_cat_id`) REFERENCES `sub_cat` (`sub_cat_id`);

--
-- Constraints for table `sub_cat`
--
ALTER TABLE `sub_cat`
  ADD CONSTRAINT `main_cats_id_fk` FOREIGN KEY (`main_cat_id`) REFERENCES `main_cat` (`id`);
COMMIT;

/*!40101 SET CHARACTER_SET_CLIENT=@OLD_CHARACTER_SET_CLIENT */;
/*!40101 SET CHARACTER_SET_RESULTS=@OLD_CHARACTER_SET_RESULTS */;
/*!40101 SET COLLATION_CONNECTION=@OLD_COLLATION_CONNECTION */;
